Customer Id,Customer Fname,Customer Lname,Customer Email,Customer Password,Customer Segment,Customer Street,Customer City,Customer State,Customer Zipcode,Customer Country
1,Cally,Holloway,XXXXXXXXX,XXXXXXXXX,Consumer,5365 Noble Nectar Island,Caguas,PR,725,Puerto Rico
2,Irene,Luna,XXXXXXXXX,XXXXXXXXX,Consumer,2679 Rustic Loop,Caguas,PR,725,Puerto Rico
3,Gillian,Maldonado,XXXXXXXXX,XXXXXXXXX,Consumer,8510 Round Bear Gate,San Jose,CA,95125,EE. UU.
4,Tana,Tate,XXXXXXXXX,XXXXXXXXX,Home Office,3200 Amber Bend,Los Angeles,CA,90027,EE. UU.
5,Orli,Hendricks,XXXXXXXXX,XXXXXXXXX,Corporate,8671 Iron Anchor Corners,Caguas,PR,725,Puerto Rico
6,Kimberly,Flowers,XXXXXXXXX,XXXXXXXXX,Consumer,2122 Hazy Corner,Tonawanda,NY,14150,EE. UU.
7,Constance,Terrell,XXXXXXXXX,XXXXXXXXX,Home Office,1879 Green Pine Bank,Caguas,PR,725,Puerto Rico
8,Erica,Stevens,XXXXXXXXX,XXXXXXXXX,Corporate,7595 Cotton Log Row,Miami,FL,33162,EE. UU.
9,Nichole,Olsen,XXXXXXXXX,XXXXXXXXX,Corporate,2051 Dusty Route,Caguas,PR,725,Puerto Rico
10,Oprah,Delacruz,XXXXXXXXX,XXXXXXXXX,Corporate,9139 Blue Blossom Court,San Ramon,CA,94583,EE. UU.
11,Germane,Short,XXXXXXXXX,XXXXXXXXX,Corporate,4058 Quiet Heights,Caguas,PR,725,Puerto Rico
12,Freya,Robbins,XXXXXXXXX,XXXXXXXXX,Consumer,3243 Shady Corner,Freeport,NY,11520,EE. UU.
13,Cassandra,Jensen,XXXXXXXXX,XXXXXXXXX,Corporate,131 Sunny Treasure Green,Salinas,CA,93905,EE. UU.
14,Natalie,Mcfadden,XXXXXXXXX,XXXXXXXXX,Corporate,2531 Wishing Square,Caguas,PR,725,Puerto Rico
15,Kimberley,Sharpe,XXXXXXXXX,XXXXXXXXX,Corporate,6417 Silver Towers,Peabody,MA,1960,EE. UU.
16,Sade,Lancaster,XXXXXXXXX,XXXXXXXXX,Corporate,257 Harvest Close,Caguas,PR,725,Puerto Rico
17,Brynne,Giles,XXXXXXXXX,XXXXXXXXX,Corporate,7342 Hazy Beacon Park,Canovanas,PR,729,Puerto Rico
18,Ciara,Bird,XXXXXXXXX,XXXXXXXXX,Corporate,7787 Lazy Corners,Paramount,CA,90723,EE. UU.
19,Bo,Griffin,XXXXXXXXX,XXXXXXXXX,Consumer,5136 Rustic Pioneer Estates,Caguas,PR,725,Puerto Rico
20,Kim,Simon,XXXXXXXXX,XXXXXXXXX,Consumer,1723 Tawny Via,Mount Prospect,IL,60056,EE. UU.
21,Kellie,Farmer,XXXXXXXXX,XXXXXXXXX,Corporate,7111 Silent Fox Gardens,Long Beach,CA,90813,EE. UU.
22,Alma,Conley,XXXXXXXXX,XXXXXXXXX,Corporate,3732 Old Mountain Bank,Caguas,PR,725,Puerto Rico
23,Yeo,Bird,XXXXXXXXX,XXXXXXXXX,Corporate,6217 Rustic Lake Forest,Rancho Cordova,CA,95670,EE. UU.
24,Lucy,Mcknight,XXXXXXXXX,XXXXXXXXX,Corporate,1082 Quiet Treasure Link,Caguas,PR,725,Puerto Rico
25,Simone,Vance,XXXXXXXXX,XXXXXXXXX,Corporate,3176 Round Gate,Billings,MT,59102,EE. UU.
26,Roary,Wheeler,XXXXXXXXX,XXXXXXXXX,Corporate,1426 Fallen Line,Caguas,PR,725,Puerto Rico
27,Quail,Ashley,XXXXXXXXX,XXXXXXXXX,Consumer,9814 Emerald Prairie Limits,Wilkes Barre,PA,18702,EE. UU.
28,Hannah,Velez,XXXXXXXXX,XXXXXXXXX,Corporate,8271 Tawny Elk Abbey,Caguas,PR,725,Puerto Rico
29,Evelyn,Kelly,XXXXXXXXX,XXXXXXXXX,Corporate,3931 Gentle Ramp,Roseville,MI,48066,EE. UU.
30,Jael,Mcfarland,XXXXXXXXX,XXXXXXXXX,Consumer,9699 Honey Rise,Bellflower,CA,90706,EE. UU.
31,Teagan,Romero,XXXXXXXXX,XXXXXXXXX,Consumer,1564 Rocky Terrace,Caguas,PR,725,Puerto Rico
32,Joan,Wilder,XXXXXXXXX,XXXXXXXXX,Consumer,4294 High Passage,Wheaton,IL,60187,EE. UU.
33,Basia,Watts,XXXXXXXXX,XXXXXXXXX,Consumer,5918 Golden Beacon Freeway,Caguas,PR,725,Puerto Rico
34,Dominique,Rogers,XXXXXXXXX,XXXXXXXXX,Consumer,3915 Broad Lookout,Detroit,MI,48238,EE. UU.
35,Ainsley,Mathis,XXXXXXXXX,XXXXXXXXX,Consumer,7190 Silver Horse Glade,Dallas,TX,75220,EE. UU.
36,Aurora,Sharp,XXXXXXXXX,XXXXXXXXX,Corporate,830 Broad Beacon Maze,Caguas,PR,725,Puerto Rico
37,Libby,Bray,XXXXXXXXX,XXXXXXXXX,Corporate,6127 Dewy Goose Downs,Carlisle,PA,17013,EE. UU.
38,Amy,Lindsay,XXXXXXXXX,XXXXXXXXX,Corporate,1188 Old Abbey,Dallas,TX,75228,EE. UU.
39,Ivory,Parks,XXXXXXXXX,XXXXXXXXX,Consumer,7004 Hazy Lake Townline,Caguas,PR,725,Puerto Rico
40,Karina,Prince,XXXXXXXXX,XXXXXXXXX,Consumer,2556 Umber Autoroute,Newark,DE,19702,EE. UU.
41,Deanna,Goff,XXXXXXXXX,XXXXXXXXX,Consumer,3722 Thunder Cape,Panorama City,CA,91402,EE. UU.
42,Dacey,Walters,XXXXXXXXX,XXXXXXXXX,Home Office,2676 Velvet Common,Caguas,PR,725,Puerto Rico
43,Adele,Pennington,XXXXXXXXX,XXXXXXXXX,Home Office,833 Amber Anchor Glen,Atlanta,GA,30318,EE. UU.
44,Sybill,Spencer,XXXXXXXXX,XXXXXXXXX,Home Office,830 Quaking Bear Grounds,Caguas,PR,725,Puerto Rico
45,Kay,Sandoval,XXXXXXXXX,XXXXXXXXX,Consumer,1509 Middle Oak Isle,Fremont,CA,94539,EE. UU.
46,Stacy,Mckinney,XXXXXXXXX,XXXXXXXXX,Corporate,9712 Fallen Robin Diversion,Caguas,PR,725,Puerto Rico
47,Marah,Lara,XXXXXXXXX,XXXXXXXXX,Corporate,8665 Sunny Deer Woods,Rochester,NY,14609,EE. UU.
48,Taylor,Wood,XXXXXXXXX,XXXXXXXXX,Corporate,9879 Harvest Deer Farms,Dallas,TX,75211,EE. UU.
49,Mary,Frank,XXXXXXXXX,XXXXXXXXX,Home Office,75 Sunny Grounds,Bayamon,PR,957,Puerto Rico
50,Mary,Smith,XXXXXXXXX,XXXXXXXXX,Home Office,9731 Honey Fox Towers,Caguas,PR,725,Puerto Rico
51,Elizabeth,Pittman,XXXXXXXXX,XXXXXXXXX,Home Office,7573 Golden Treasure Centre,Caguas,PR,725,Puerto Rico
52,Katherine,Tyler,XXXXXXXXX,XXXXXXXXX,Home Office,8369 Sunny Crossing,Caguas,PR,725,Puerto Rico
53,Mary,Smith,XXXXXXXXX,XXXXXXXXX,Home Office,1425 Fallen Fox Arbor,Caguas,PR,725,Puerto Rico
54,Dennis,Smith,XXXXXXXXX,XXXXXXXXX,Home Office,2290 Crystal Pathway,Caguas,PR,725,Puerto Rico
55,Mary,Hill,XXXXXXXXX,XXXXXXXXX,Home Office,6179 Noble Panda Moor,Caguas,PR,725,Puerto Rico
56,Mary,Smith,XXXXXXXXX,XXXXXXXXX,Home Office,8205 Silver Grove Row,Caguas,PR,725,Puerto Rico
57,Frances,Smith,XXXXXXXXX,XXXXXXXXX,Home Office,7786 Middle Private,Caguas,PR,725,Puerto Rico
58,Alice,Smith,XXXXXXXXX,XXXXXXXXX,Home Office,4294 High Passage,Caguas,PR,725,Puerto Rico
59,Kyle,Thomas,XXXXXXXXX,XXXXXXXXX,Home Office,5274 Easy Beach,Caguas,PR,725,Puerto Rico
60,Brenda,Jordan,XXXXXXXXX,XXXXXXXXX,Home Office,4692 Jagged Thicket,Caguas,PR,725,Puerto Rico
61,Frank,Livingston,XXXXXXXXX,XXXXXXXXX,Home Office,5161 Crystal Quail Jetty,Caguas,PR,725,Puerto Rico
62,Johnny,Smith,XXXXXXXXX,XXXXXXXXX,Home Office,1465 Round Fawn Passage,Caguas,PR,725,Puerto Rico
63,Mary,Smith,XXXXXXXXX,XXXXXXXXX,Home Office,5723 Cinder Loop,Caguas,PR,725,Puerto Rico
64,Mary,Smith,XXXXXXXXX,XXXXXXXXX,Home Office,2991 Silent Deer Landing,Caguas,PR,725,Puerto Rico
65,Hannah,Smith,XXXXXXXXX,XXXXXXXXX,Home Office,5086 Emerald Fox Farms,Caguas,PR,725,Puerto Rico
66,Mary,Nelson,XXXXXXXXX,XXXXXXXXX,Home Office,3909 Hidden Treasure Beach,Caguas,PR,725,Puerto Rico
67,Austin,Sexton,XXXXXXXXX,XXXXXXXXX,Home Office,4691 Cinder Crest,Caguas,PR,725,Puerto Rico
68,Michael,Scott,XXXXXXXXX,XXXXXXXXX,Home Office,5703 Tawny Creek Townline,Caguas,PR,725,Puerto Rico
69,Mary,Olson,XXXXXXXXX,XXXXXXXXX,Home Office,7333 Cinder Way,Caguas,PR,725,Puerto Rico
70,Vincent,Krueger,XXXXXXXXX,XXXXXXXXX,Home Office,9404 Heather Bluff Dale,Caguas,PR,725,Puerto Rico
71,Hannah,Smith,XXXXXXXXX,XXXXXXXXX,Home Office,5086 Emerald Fox Farms,Caguas,PR,725,Puerto Rico
72,Gregory,Rodriguez,XXXXXXXXX,XXXXXXXXX,Home Office,1632 Green Fawn Corners,Caguas,PR,725,Puerto Rico
73,Frances,Smith,XXXXXXXXX,XXXXXXXXX,Home Office,7786 Middle Private,Caguas,PR,725,Puerto Rico
74,Kyle,Smith,XXXXXXXXX,XXXXXXXXX,Home Office,8344 Noble Mountain Gate,Caguas,PR,725,Puerto Rico
75,Lisa,Smith,XXXXXXXXX,XXXXXXXXX,Home Office,7208 Bright Landing,Caguas,PR,725,Puerto Rico
76,Megan,Todd,XXXXXXXXX,XXXXXXXXX,Home Office,1393 Umber Sky Estates,Caguas,PR,725,Puerto Rico
77,Mary,Smith,XXXXXXXXX,XXXXXXXXX,Home Office,8165 Red Lane,Caguas,PR,725,Puerto Rico
78,Mary,Smith,XXXXXXXXX,XXXXXXXXX,Home Office,331 Grand Orchard,Caguas,PR,725,Puerto Rico
79,Mary,Smith,XXXXXXXXX,XXXXXXXXX,Home Office,2264 Thunder Abbey,Caguas,PR,725,Puerto Rico
80,Mary,Smith,XXXXXXXXX,XXXXXXXXX,Home Office,2264 Thunder Abbey,Caguas,PR,725,Puerto Rico
81,Mary,Smith,XXXXXXXXX,XXXXXXXXX,Home Office,9082 Merry Lookout,Caguas,PR,725,Puerto Rico
82,Grace,Sanchez,XXXXXXXXX,XXXXXXXXX,Home Office,6468 Fallen Close,Caguas,PR,725,Puerto Rico
83,Dennis,Meyer,XXXXXXXXX,XXXXXXXXX,Home Office,7342 Hidden Walk,Caguas,PR,725,Puerto Rico
84,Douglas,Smith,XXXXXXXXX,XXXXXXXXX,Home Office,577 Rustic Nectar Row,Caguas,PR,725,Puerto Rico
85,Mary,Smith,XXXXXXXXX,XXXXXXXXX,Home Office,5700 Little Circle,Caguas,PR,725,Puerto Rico
86,Mary,Smith,XXXXXXXXX,XXXXXXXXX,Home Office,331 Grand Orchard,Caguas,PR,725,Puerto Rico
87,Mary,Vega,XXXXXXXXX,XXXXXXXXX,Home Office,7840 Umber Sky Villas,Caguas,PR,725,Puerto Rico
88,Wayne,Hodges,XXXXXXXXX,XXXXXXXXX,Home Office,7509 Iron Concession,Caguas,PR,725,Puerto Rico
89,Mary,Mccormick,XXXXXXXXX,XXXXXXXXX,Home Office,2199 Silver Autumn Key,Caguas,PR,725,Puerto Rico
90,Mary,Mccormick,XXXXXXXXX,XXXXXXXXX,Home Office,2199 Silver Autumn Key,Caguas,PR,725,Puerto Rico
91,Mary,Smith,XXXXXXXXX,XXXXXXXXX,Home Office,9470 Shady View Bend,Caguas,PR,725,Puerto Rico
92,Ronald,Blackwell,XXXXXXXXX,XXXXXXXXX,Home Office,9366 Silent Nectar Highway,Caguas,PR,725,Puerto Rico
93,Mary,Rios,XXXXXXXXX,XXXXXXXXX,Consumer,4167 Stony Extension,Caguas,PR,725,Puerto Rico
94,Tammy,Smith,XXXXXXXXX,XXXXXXXXX,Consumer,7370 Sleepy Way,Caguas,PR,725,Puerto Rico
95,Mary,Lara,XXXXXXXXX,XXXXXXXXX,Consumer,1613 Broad Beach,Caguas,PR,725,Puerto Rico
96,Mary,Smith,XXXXXXXXX,XXXXXXXXX,Consumer,4992 Jagged Forest Subdivision,Caguas,PR,725,Puerto Rico
97,Mary,Smith,XXXXXXXXX,XXXXXXXXX,Consumer,3216 Red Glade,Caguas,PR,725,Puerto Rico
98,Christina,Harvey,XXXXXXXXX,XXXXXXXXX,Consumer,3481 Crystal Campus,Caguas,PR,725,Puerto Rico
99,Mary,Smith,XXXXXXXXX,XXXXXXXXX,Consumer,5424 Rustic Anchor Boulevard,Caguas,PR,725,Puerto Rico
100,Mary,Smith,XXXXXXXXX,XXXXXXXXX,Consumer,3567 Heather Knoll,Caguas,PR,725,Puerto Rico
101,Alexander,Smith,XXXXXXXXX,XXXXXXXXX,Consumer,7958 Thunder Apple Street,Caguas,PR,725,Puerto Rico
102,Sandra,Smith,XXXXXXXXX,XXXXXXXXX,Consumer,6496 Harvest Highlands,Guayama,PR,784,Puerto Rico
103,Ruth,Farrell,XXXXXXXXX,XXXXXXXXX,Consumer,1453 Lazy Cider Hill,Caguas,PR,725,Puerto Rico
104,Mary,Harris,XXXXXXXXX,XXXXXXXXX,Consumer,8713 Quaking Abbey,Caguas,PR,725,Puerto Rico
105,Lauren,Coleman,XXXXXXXXX,XXXXXXXXX,Consumer,1285 Noble Pointe,Caguas,PR,725,Puerto Rico
106,Mary,Hayes,XXXXXXXXX,XXXXXXXXX,Consumer,6314 Honey Canyon,Caguas,PR,725,Puerto Rico
107,Mary,Smith,XXXXXXXXX,XXXXXXXXX,Consumer,1388 Blue Turnabout,Caguas,PR,725,Puerto Rico
108,Gregory,Smith,XXXXXXXXX,XXXXXXXXX,Consumer,1122 Old Fox Lookout,Caguas,PR,725,Puerto Rico
109,Mary,Day,XXXXXXXXX,XXXXXXXXX,Consumer,257 Iron Elk Maze,Caguas,PR,725,Puerto Rico
110,Mary,Dawson,XXXXXXXXX,XXXXXXXXX,Consumer,9544 Noble Spring Route,Caguas,PR,725,Puerto Rico
111,Mary,Phillips,XXXXXXXXX,XXXXXXXXX,Consumer,7094 Misty Wynd,Caguas,PR,725,Puerto Rico
112,Ronald,Smith,XXXXXXXXX,XXXXXXXXX,Consumer,1025 Colonial Plaza,Caguas,PR,725,Puerto Rico
113,Mary,Smith,XXXXXXXXX,XXXXXXXXX,Consumer,2839 Grand Timber Canyon,Juana Diaz,PR,795,Puerto Rico
114,Tammy,Smith,XXXXXXXXX,XXXXXXXXX,Consumer,7370 Sleepy Way,Caguas,PR,725,Puerto Rico
115,Mary,Sanchez,XXXXXXXXX,XXXXXXXXX,Consumer,6174 Wishing Front,Caguas,PR,725,Puerto Rico
116,Melissa,Mack,XXXXXXXXX,XXXXXXXXX,Consumer,9447 Dusty Gate Centre,Caguas,PR,725,Puerto Rico
117,Alexander,Smith,XXXXXXXXX,XXXXXXXXX,Consumer,7958 Thunder Apple Street,Caguas,PR,725,Puerto Rico
118,Sandra,Smith,XXXXXXXXX,XXXXXXXXX,Consumer,6496 Harvest Highlands,Guayama,PR,784,Puerto Rico
119,Mary,Smith,XXXXXXXXX,XXXXXXXXX,Consumer,6401 Shady Embers Farms,Caguas,PR,725,Puerto Rico
120,Maria,Evans,XXXXXXXXX,XXXXXXXXX,Consumer,595 Indian Path,Caguas,PR,725,Puerto Rico
121,Eugene,Smith,XXXXXXXXX,XXXXXXXXX,Consumer,1820 Noble Elk Harbour,Caguas,PR,725,Puerto Rico
122,James,Lawson,XXXXXXXXX,XXXXXXXXX,Consumer,1577 Green Vista,Caguas,PR,725,Puerto Rico
123,John,Stokes,XXXXXXXXX,XXXXXXXXX,Consumer,9920 Little Lane,Caguas,PR,725,Puerto Rico
124,Mary,Flores,XXXXXXXXX,XXXXXXXXX,Consumer,3089 Gentle Horse Chase,Caguas,PR,725,Puerto Rico
125,Mary,Austin,XXXXXXXXX,XXXXXXXXX,Consumer,4090 Colonial End,Caguas,PR,725,Puerto Rico
126,Roy,Smith,XXXXXXXXX,XXXXXXXXX,Consumer,4601 Amber Grove Hollow,Caguas,PR,725,Puerto Rico
127,Katherine,Oconnell,XXXXXXXXX,XXXXXXXXX,Consumer,2127 Middle Goose Mews,Caguas,PR,725,Puerto Rico
128,Mary,Smith,XXXXXXXXX,XXXXXXXXX,Consumer,8840 Harvest Towers,Caguas,PR,725,Puerto Rico
129,Janet,Smith,XXXXXXXXX,XXXXXXXXX,Consumer,8617 Cinder Mountain Forest,Caguas,PR,725,Puerto Rico
130,Mary,Smith,XXXXXXXXX,XXXXXXXXX,Consumer,5087 Crystal Hills Manor,Caguas,PR,725,Puerto Rico
131,Mary,Carlson,XXXXXXXXX,XXXXXXXXX,Consumer,1548 Lazy Place,Caguas,PR,725,Puerto Rico
132,Nicole,Smith,XXXXXXXXX,XXXXXXXXX,Consumer,9009 Merry Nectar Heights,Caguas,PR,725,Puerto Rico
133,Sharon,Smith,XXXXXXXXX,XXXXXXXXX,Consumer,4316 Misty Way,Caguas,PR,725,Puerto Rico
134,Mary,Navarro,XXXXXXXXX,XXXXXXXXX,Consumer,6324 Lazy Lane,Caguas,PR,725,Puerto Rico
135,Mary,Smith,XXXXXXXXX,XXXXXXXXX,Consumer,9198 Rocky Run,Caguas,PR,725,Puerto Rico
136,Matthew,Bush,XXXXXXXXX,XXXXXXXXX,Consumer,5736 Heather Byway,Caguas,PR,725,Puerto Rico
137,Anthony,Young,XXXXXXXXX,XXXXXXXXX,Consumer,7334 Umber Expressway,Caguas,PR,725,Puerto Rico
138,Jerry,Smith,XXXXXXXXX,XXXXXXXXX,Consumer,427 Grand Branch Hill,Caguas,PR,725,Puerto Rico
139,Mary,Freeman,XXXXXXXXX,XXXXXXXXX,Consumer,2035 Lazy Diversion,Caguas,PR,725,Puerto Rico
140,Laura,Bennett,XXXXXXXXX,XXXXXXXXX,Consumer,4520 Grand Port,Caguas,PR,725,Puerto Rico
141,Megan,Sanders,XXXXXXXXX,XXXXXXXXX,Consumer,7489 Green End,Caguas,PR,725,Puerto Rico
142,Mary,Freeman,XXXXXXXXX,XXXXXXXXX,Consumer,2035 Lazy Diversion,Caguas,PR,725,Puerto Rico
143,Mary,Black,XXXXXXXXX,XXXXXXXXX,Consumer,620 Thunder Creek Towers,Caguas,PR,725,Puerto Rico
144,Jack,Hatfield,XXXXXXXXX,XXXXXXXXX,Consumer,555 Lazy Robin Freeway,Caguas,PR,725,Puerto Rico
145,Megan,Sanders,XXXXXXXXX,XXXXXXXXX,Consumer,7489 Green End,Caguas,PR,725,Puerto Rico
146,Kirestin,Barr,XXXXXXXXX,XXXXXXXXX,Consumer,4722 Round Embers Falls,Caguas,PR,725,Puerto Rico
147,Nora,Downs,XXXXXXXXX,XXXXXXXXX,Consumer,1836 Cozy View Orchard,Caguas,PR,725,Puerto Rico
148,Jennifer,Stokes,XXXXXXXXX,XXXXXXXXX,Consumer,5257 Umber Field,Caguas,PR,725,Puerto Rico
149,Madonna,Ingram,XXXXXXXXX,XXXXXXXXX,Consumer,9079 Dewy Deer Harbour,Caguas,PR,725,Puerto Rico
150,Noelani,Hyde,XXXXXXXXX,XXXXXXXXX,Consumer,1284 High Apple Highlands,Caguas,PR,725,Puerto Rico
151,Sydnee,Nolan,XXXXXXXXX,XXXXXXXXX,Consumer,9816 Grand Hills Knoll,Caguas,PR,725,Puerto Rico
152,Willa,Potter,XXXXXXXXX,XXXXXXXXX,Consumer,5301 Blue Street,Caguas,PR,725,Puerto Rico
153,Alma,Delgado,XXXXXXXXX,XXXXXXXXX,Consumer,7274 Middle Wynd,Caguas,PR,725,Puerto Rico
154,Ila,Knight,XXXXXXXXX,XXXXXXXXX,Consumer,2668 Velvet Row ,Caguas,PR,725,Puerto Rico
155,Belle,Booker,XXXXXXXXX,XXXXXXXXX,Consumer,567 Fallen Pines ,Caguas,PR,725,Puerto Rico
156,Alyssa,Contreras,XXXXXXXXX,XXXXXXXXX,Consumer,9870 Little Hickory Loop,Caguas,PR,725,Puerto Rico
157,Lani,Nash,XXXXXXXXX,XXXXXXXXX,Consumer,5763 Green Crossing ,Caguas,PR,725,Puerto Rico
158,Demetria,Jarvis,XXXXXXXXX,XXXXXXXXX,Consumer,4854 Tawny Cove,Caguas,PR,725,Puerto Rico
159,Joan,Nixon,XXXXXXXXX,XXXXXXXXX,Consumer,8297 Golden Green ,Caguas,PR,725,Puerto Rico
160,Gay,Harper,XXXXXXXXX,XXXXXXXXX,Consumer,7293 Lazy Hill,Caguas,PR,725,Puerto Rico
161,Audrey,Acosta,XXXXXXXXX,XXXXXXXXX,Consumer,8967 Sleepy Lane,Caguas,PR,725,Puerto Rico
162,Riley,Jones,XXXXXXXXX,XXXXXXXXX,Consumer,6370 Emerald Row ,Caguas,PR,725,Puerto Rico
163,Imani,Kelly,XXXXXXXXX,XXXXXXXXX,Consumer,3065 Foggy Horse Port,Caguas,PR,725,Puerto Rico
164,Mechelle,Parker,XXXXXXXXX,XXXXXXXXX,Consumer,1393 Umber Sky Estates,Caguas,PR,725,Puerto Rico
165,Imani,Castaneda,XXXXXXXXX,XXXXXXXXX,Consumer,5493 Burning Horse Heath,Caguas,PR,725,Puerto Rico
166,Whitney,Henderson,XXXXXXXXX,XXXXXXXXX,Consumer,529 Blue Grove Rise,Caguas,PR,725,Puerto Rico
167,Roanna,Martin,XXXXXXXXX,XXXXXXXXX,Consumer,4462 Little Lagoon Route,Caguas,PR,725,Puerto Rico
168,Vivian,Hays,XXXXXXXXX,XXXXXXXXX,Consumer,9854 Jagged Impasse,Caguas,PR,725,Puerto Rico
169,Xantha,Brock,XXXXXXXXX,XXXXXXXXX,Consumer,5336 Sleepy Sky Common,Caguas,PR,725,Puerto Rico
170,Zia,Davis,XXXXXXXXX,XXXXXXXXX,Consumer,3836 Blue Brook Stead,Caguas,PR,725,Puerto Rico
171,Mara,Duffy,XXXXXXXXX,XXXXXXXXX,Consumer,4896 Honey Wood ,Caguas,PR,725,Puerto Rico
172,Sloane,Long,XXXXXXXXX,XXXXXXXXX,Consumer,4592 Grand Timber Ramp,Caguas,PR,725,Puerto Rico
173,Winifred,Alexander,XXXXXXXXX,XXXXXXXXX,Consumer,146 Middle Terrace,Caguas,PR,725,Puerto Rico
174,Giselle,Farrell,XXXXXXXXX,XXXXXXXXX,Consumer,3710 Little Nook ,Caguas,PR,725,Puerto Rico
175,John,Buckley,XXXXXXXXX,XXXXXXXXX,Consumer,9598 Cinder Close,Caguas,PR,725,Puerto Rico
176,Nancy,Curry,XXXXXXXXX,XXXXXXXXX,Consumer,6998 Old Treasure Crossing,Caguas,PR,725,Puerto Rico
177,Mary,Smith,XXXXXXXXX,XXXXXXXXX,Consumer,100 Jagged Cloud Pathway,Caguas,PR,725,Puerto Rico
178,Wayne,Crawford,XXXXXXXXX,XXXXXXXXX,Consumer,8110 Old Place,Caguas,PR,725,Puerto Rico
179,Ruth,Farrell,XXXXXXXXX,XXXXXXXXX,Consumer,1453 Lazy Cider Hill,Caguas,PR,725,Puerto Rico
180,Mary,Sharp,XXXXXXXXX,XXXXXXXXX,Consumer,9221 Cotton Butterfly Terrace,Caguas,PR,725,Puerto Rico
181,Mary,Smith,XXXXXXXXX,XXXXXXXXX,Consumer,4110 Quaking Abbey,Caguas,PR,725,Puerto Rico
182,David,Guerra,XXXXXXXXX,XXXXXXXXX,Consumer,6574 Shady Horse Wood,Caguas,PR,725,Puerto Rico
183,Mary,Padilla,XXXXXXXXX,XXXXXXXXX,Consumer,4555 Amber Apple Cape,Caguas,PR,725,Puerto Rico
184,Patricia,Petersen,XXXXXXXXX,XXXXXXXXX,Consumer,3675 Emerald Goose Bank,Freeport,NY,11520,EE. UU.
185,Julie,Petersen,XXXXXXXXX,XXXXXXXXX,Consumer,9375 Harvest Circuit,Fort Washington,MD,20744,EE. UU.
186,Lisa,Smith,XXXXXXXXX,XXXXXXXXX,Consumer,3993 Thunder Hills Port,Bakersfield,CA,93304,EE. UU.
187,Julie,Petersen,XXXXXXXXX,XXXXXXXXX,Consumer,9375 Harvest Circuit,Fort Washington,MD,20744,EE. UU.
188,Tyler,Smith,XXXXXXXXX,XXXXXXXXX,Consumer,9414 Thunder Island Court,Corona,NY,11368,EE. UU.
189,Karen,Smith,XXXXXXXXX,XXXXXXXXX,Consumer,7573 Cozy Goose Road,Cincinnati,OH,45238,EE. UU.
190,Shawn,Smith,XXXXXXXXX,XXXXXXXXX,Consumer,5985 Silent Leaf Vale,Germantown,MD,20874,EE. UU.
191,Mary,Silva,XXXXXXXXX,XXXXXXXXX,Consumer,1230 Crystal Lookout,Carrollton,TX,75006,EE. UU.
192,Shawn,Smith,XXXXXXXXX,XXXXXXXXX,Consumer,5985 Silent Leaf Vale,Germantown,MD,20874,EE. UU.
193,Willie,Smith,XXXXXXXXX,XXXXXXXXX,Consumer,6350 Lost Hollow,Houston,TX,77093,EE. UU.
194,Patricia,Petersen,XXXXXXXXX,XXXXXXXXX,Consumer,3675 Emerald Goose Bank,Freeport,NY,11520,EE. UU.
195,Willie,Smith,XXXXXXXXX,XXXXXXXXX,Consumer,6350 Lost Hollow,Houston,TX,77093,EE. UU.
196,Mary,Chan,XXXXXXXXX,XXXXXXXXX,Consumer,4898 Red Butterfly Autoroute,Carlisle,PA,17013,EE. UU.
197,Nicole,Brooks,XXXXXXXXX,XXXXXXXXX,Consumer,7312 Crystal Willow Villas,Los Angeles,CA,90023,EE. UU.
198,Bruce,Smith,XXXXXXXXX,XXXXXXXXX,Consumer,9595 Blue Promenade,Ewa Beach,HI,96706,EE. UU.
199,Mary,Williams,XXXXXXXXX,XXXXXXXXX,Consumer,1790 Noble Brook Run,Lakewood,NJ,8701,EE. UU.
200,Melissa,Ramirez,XXXXXXXXX,XXXXXXXXX,Consumer,2459 Round Spring Towers,Rome,NY,13440,EE. UU.
201,Gregory,Smith,XXXXXXXXX,XXXXXXXXX,Consumer,690 Colonial Pine Passage,Vista,CA,92083,EE. UU.
202,Elizabeth,Smith,XXXXXXXXX,XXXXXXXXX,Consumer,739 Jagged Goose Street,Fort Worth,TX,76106,EE. UU.
203,Elizabeth,Smith,XXXXXXXXX,XXXXXXXXX,Consumer,739 Jagged Goose Street,Fort Worth,TX,76106,EE. UU.
204,Mary,Sanchez,XXXXXXXXX,XXXXXXXXX,Consumer,29 Gentle Spring Mews,Fond Du Lac,WI,54935,EE. UU.
205,Mary,Patton,XXXXXXXXX,XXXXXXXXX,Consumer,5532 Tawny Pines,Philadelphia,PA,19139,EE. UU.
206,Mary,Davis,XXXXXXXXX,XXXXXXXXX,Consumer,4502 Hazy Run,Ontario,CA,91764,EE. UU.
207,Mark,Smith,XXXXXXXXX,XXXXXXXXX,Consumer,6026 Stony Elk Hill,Oviedo,FL,32765,EE. UU.
208,Mary,Sanders,XXXXXXXXX,XXXXXXXXX,Consumer,4903 Lazy Parkway,Buffalo,NY,14221,EE. UU.
209,Paul,Jensen,XXXXXXXXX,XXXXXXXXX,Consumer,3902 Foggy Swale,Honolulu,HI,96822,EE. UU.
210,Walter,Chavez,XXXXXXXXX,XXXXXXXXX,Consumer,990 Dewy Crest,Oceanside,CA,92056,EE. UU.
211,Joyce,Phillips,XXXXXXXXX,XXXXXXXXX,Consumer,9899 Hazy Falls,North Tonawanda,NY,14120,EE. UU.
212,Daniel,Smith,XXXXXXXXX,XXXXXXXXX,Consumer,7449 Merry Chase,Clovis,CA,93611,EE. UU.
213,Mary,Lynn,XXXXXXXXX,XXXXXXXXX,Consumer,7694 Velvet Turnabout,Jamaica,NY,11434,EE. UU.
214,Pamela,Michael,XXXXXXXXX,XXXXXXXXX,Consumer,1585 Stony Rabbit Hollow,Granite City,IL,62040,EE. UU.
215,Betty,Smith,XXXXXXXXX,XXXXXXXXX,Consumer,2289 Cozy Promenade,Medford,MA,2155,EE. UU.
216,Mary,Smith,XXXXXXXXX,XXXXXXXXX,Consumer,830 Clear Sky Vale,Pomona,CA,91766,EE. UU.
217,Christian,Luna,XXXXXXXXX,XXXXXXXXX,Consumer,2833 Clear Valley,Tempe,AZ,85281,EE. UU.
218,Mary,Smith,XXXXXXXXX,XXXXXXXXX,Consumer,4682 Cozy Freeway,Santa Ana,CA,92703,EE. UU.
219,Mary,Ortega,XXXXXXXXX,XXXXXXXXX,Consumer,4196 Noble Beacon Mews,York,PA,17402,EE. UU.
220,Mary,Grimes,XXXXXXXXX,XXXXXXXXX,Consumer,231 Bright Alley,Aurora,CO,80010,EE. UU.
221,Mary,Summers,XXXXXXXXX,XXXXXXXXX,Consumer,3926 Stony Gardens,Simi Valley,CA,93065,EE. UU.
222,Tiffany,Caldwell,XXXXXXXXX,XXXXXXXXX,Consumer,3632 Fallen Pioneer Isle,Silver Spring,MD,20904,EE. UU.
223,Paul,Garcia,XXXXXXXXX,XXXXXXXXX,Consumer,1070 Dusty Beacon Maze,Saint Paul,MN,55124,EE. UU.
224,Stephen,Lee,XXXXXXXXX,XXXXXXXXX,Consumer,469 Crystal Anchor Mountain,San Antonio,TX,78201,EE. UU.
225,George,Middleton,XXXXXXXXX,XXXXXXXXX,Consumer,3601 Cozy Creek Trail,Philadelphia,PA,19143,EE. UU.
226,George,Middleton,XXXXXXXXX,XXXXXXXXX,Consumer,3601 Cozy Creek Trail,Philadelphia,PA,19143,EE. UU.
227,Samuel,Jones,XXXXXXXXX,XXXXXXXXX,Consumer,7007 Quiet Via,Philadelphia,PA,19149,EE. UU.
228,Larry,King,XXXXXXXXX,XXXXXXXXX,Consumer,2515 Burning Boulevard,Bronx,NY,10466,EE. UU.
229,Peter,Smith,XXXXXXXXX,XXXXXXXXX,Corporate,2127 Cozy Deer Bank,Greenville,NC,27858,EE. UU.
230,Diana,Richards,XXXXXXXXX,XXXXXXXXX,Corporate,3593 Easy Embers Field,Morristown,NJ,7960,EE. UU.
231,Mary,Castillo,XXXXXXXXX,XXXXXXXXX,Corporate,9900 Hidden Rise Downs,San Diego,CA,92115,EE. UU.
232,Mary,Smith,XXXXXXXXX,XXXXXXXXX,Corporate,1055 Crystal Woods,Oxnard,CA,93030,EE. UU.
233,Mary,Smith,XXXXXXXXX,XXXXXXXXX,Corporate,5365 Tawny Apple Limits,Miami,FL,33147,EE. UU.
234,Mary,Camacho,XXXXXXXXX,XXXXXXXXX,Corporate,4845 Thunder Embers Hollow,Albuquerque,NM,87111,EE. UU.
235,Ainsley,Leach,XXXXXXXXX,XXXXXXXXX,Corporate,5154 Honey Bend,Amarillo,TX,79109,EE. UU.
236,Theresa,Pearson,XXXXXXXXX,XXXXXXXXX,Corporate,6715 Gentle Horse Row,Lutz,FL,33549,EE. UU.
237,Cynthia,Smith,XXXXXXXXX,XXXXXXXXX,Corporate,6412 Crystal View Townline,Bend,OR,97701,EE. UU.
238,Mary,Williams,XXXXXXXXX,XXXXXXXXX,Corporate,263 Harvest Wood,East Brunswick,NJ,8816,EE. UU.
239,Sean,Chung,XXXXXXXXX,XXXXXXXXX,Corporate,7111 Cotton Blossom Estates,Lancaster,SC,29720,EE. UU.
240,Jonathan,Richmond,XXXXXXXXX,XXXXXXXXX,Corporate,3005 Bright Maze,Ontario,CA,91762,EE. UU.
241,Diana,Richards,XXXXXXXXX,XXXXXXXXX,Corporate,3593 Easy Embers Field,Morristown,NJ,7960,EE. UU.
242,Christopher,Smith,XXXXXXXXX,XXXXXXXXX,Corporate,5657 Lost Expressway,Houston,TX,77015,EE. UU.
243,Donald,Price,XXXXXXXXX,XXXXXXXXX,Corporate,183 Velvet Grove Towers,Hampton,VA,23666,EE. UU.
244,Rana,Moreno,XXXXXXXXX,XXXXXXXXX,Corporate,2275 Rustic Impasse,New York,NY,10016,EE. UU.
245,Mary,Garcia,XXXXXXXXX,XXXXXXXXX,Corporate,8279 Bright Fox Highway,Porterville,CA,93257,EE. UU.
246,William,Smith,XXXXXXXXX,XXXXXXXXX,Corporate,2792 Middle Mount,Portland,OR,97223,EE. UU.
247,Rachel,Cochran,XXXXXXXXX,XXXXXXXXX,Corporate,6414 Jagged Sky Gardens,Strongsville,OH,44136,EE. UU.
248,Dorothy,Frye,XXXXXXXXX,XXXXXXXXX,Corporate,4849 Clear Blossom Turnabout,El Paso,TX,79927,EE. UU.
249,Robert,Gilmore,XXXXXXXXX,XXXXXXXXX,Corporate,8248 Clear Glade,Del Rio,TX,78840,EE. UU.
250,Mary,Smith,XXXXXXXXX,XXXXXXXXX,Corporate,4606 Umber Range,Buffalo,NY,14221,EE. UU.
251,Christopher,Smith,XXXXXXXXX,XXXXXXXXX,Corporate,5657 Lost Expressway,Houston,TX,77015,EE. UU.
252,Mary,Williams,XXXXXXXXX,XXXXXXXXX,Corporate,2058 Quaking Oak Common,Bountiful,UT,84010,EE. UU.
253,Donald,Price,XXXXXXXXX,XXXXXXXXX,Corporate,183 Velvet Grove Towers,Hampton,VA,23666,EE. UU.
254,Brenda,Webster,XXXXXXXXX,XXXXXXXXX,Corporate,5131 Gentle Limits,Kent,WA,98031,EE. UU.
255,Andrea,Johnson,XXXXXXXXX,XXXXXXXXX,Corporate,9595 Iron Orchard,Chicago,IL,60620,EE. UU.
256,Martha,Pierce,XXXXXXXXX,XXXXXXXXX,Corporate,6797 Quiet Mountain Rise,Plymouth,MA,2360,EE. UU.
257,Mary,Riddle,XXXXXXXXX,XXXXXXXXX,Corporate,340 Velvet Barn Gate,Far Rockaway,NY,11691,EE. UU.
258,Freya,Golden,XXXXXXXXX,XXXXXXXXX,Corporate,569 Hazy Wynd,Houston,TX,77088,EE. UU.
259,Mary,Lawrence,XXXXXXXXX,XXXXXXXXX,Corporate,5768 Jagged Zephyr Port,Philadelphia,PA,19124,EE. UU.
260,Carolyn,Shea,XXXXXXXXX,XXXXXXXXX,Corporate,1021 Silver Log Cape,Simi Valley,CA,93065,EE. UU.
261,Mary,Gilbert,XXXXXXXXX,XXXXXXXXX,Corporate,2002 Noble Crescent,Detroit,MI,48227,EE. UU.
262,Lynn,Sweeney,XXXXXXXXX,XXXXXXXXX,Corporate,7262 Emerald Boulevard,Garden Grove,CA,92840,EE. UU.
263,Mary,Smith,XXXXXXXXX,XXXXXXXXX,Corporate,9176 Shady Barn Jetty,San Diego,CA,92105,EE. UU.
264,Julia,Robinson,XXXXXXXXX,XXXXXXXXX,Corporate,3670 Broad Mountain Link,Chicago,IL,60609,EE. UU.
265,Patience,Ward,XXXXXXXXX,XXXXXXXXX,Corporate,7126 Hazy Berry Mount,Placentia,CA,92870,EE. UU.
266,Cheryl,Koch,XXXXXXXXX,XXXXXXXXX,Corporate,4845 Thunder Embers Hollow,San Jose,CA,95148,EE. UU.
267,Sandra,Smith,XXXXXXXXX,XXXXXXXXX,Corporate,1134 Misty River Woods,Honolulu,HI,96822,EE. UU.
268,Whitney,Collins,XXXXXXXXX,XXXXXXXXX,Corporate,5808 Silver Rise Circuit,Mentor,OH,44060,EE. UU.
269,Kyle,Curtis,XXXXXXXXX,XXXXXXXXX,Corporate,3180 Golden Cider Circle,Santa Clara,CA,95051,EE. UU.
270,Mary,Smith,XXXXXXXXX,XXXXXXXXX,Corporate,5593 Indian Trail,Union,NJ,7083,EE. UU.
271,Timothy,Moses,XXXXXXXXX,XXXXXXXXX,Corporate,1987 Grand Alley,Long Beach,CA,90805,EE. UU.
272,Mary,Ramos,XXXXXXXXX,XXXXXXXXX,Corporate,4463 Cotton Quail Forest,Westminster,CA,92683,EE. UU.
273,Aimee,Terrell,XXXXXXXXX,XXXXXXXXX,Corporate,5875 Grand Campus,Pompano Beach,FL,33068,EE. UU.
274,Mary,Yoder,XXXXXXXXX,XXXXXXXXX,Consumer,1010 Rustic Fox View,Azusa,CA,91702,EE. UU.
275,Mary,Chapman,XXXXXXXXX,XXXXXXXXX,Consumer,1430 Easy Spring Key,Fort Lauderdale,FL,33324,EE. UU.
276,Mary,Rose,XXXXXXXXX,XXXXXXXXX,Consumer,3050 Crystal Fawn Green,San Antonio,TX,78201,EE. UU.
277,Virginia,Smith,XXXXXXXXX,XXXXXXXXX,Consumer,3139 Golden Autumn Byway,Princeton,NJ,8540,EE. UU.
278,Jessica,Lang,XXXXXXXXX,XXXXXXXXX,Consumer,3356 Crystal Farm,Perth Amboy,NJ,8861,EE. UU.
279,Margaret,Smith,XXXXXXXXX,XXXXXXXXX,Consumer,8473 Crystal Hickory Path,Miami,FL,33162,EE. UU.
280,Mary,Anthony,XXXXXXXXX,XXXXXXXXX,Consumer,874 Thunder Front,Loveland,OH,45140,EE. UU.
281,Richard,Smith,XXXXXXXXX,XXXXXXXXX,Consumer,9627 Little Terrace,Virginia Beach,VA,23455,EE. UU.
282,Deborah,Smith,XXXXXXXXX,XXXXXXXXX,Consumer,9295 Emerald Downs,Louisville,KY,40214,EE. UU.
283,Emma,Russell,XXXXXXXXX,XXXXXXXXX,Consumer,8400 Clear Wagon  Row,Lockport,NY,14094,EE. UU.
284,Mary,Smith,XXXXXXXXX,XXXXXXXXX,Consumer,5420 Crystal Hill,Chicago,IL,60608,EE. UU.
285,Adam,Smith,XXXXXXXXX,XXXXXXXXX,Consumer,4047 Grand Port,Staten Island,NY,10314,EE. UU.
286,Mary,Bennett,XXXXXXXXX,XXXXXXXXX,Consumer,6575 Quiet Loop,Tucson,AZ,85719,EE. UU.
287,Roy,Carey,XXXXXXXXX,XXXXXXXXX,Consumer,4317 Emerald Bay,Plymouth,MA,2360,EE. UU.
288,Mary,Reynolds,XXXXXXXXX,XXXXXXXXX,Consumer,5325 Amber Blossom Way,Cleveland,OH,44120,EE. UU.
289,Sarah,Smith,XXXXXXXXX,XXXXXXXXX,Consumer,3065 Foggy Horse Port,Bronx,NY,10458,EE. UU.
290,Edward,Sanchez,XXXXXXXXX,XXXXXXXXX,Consumer,3867 Middle Leaf By-pass,Webster,NY,14580,EE. UU.
291,Harry,Smith,XXXXXXXXX,XXXXXXXXX,Consumer,6332 Round Range,Stockton,CA,95207,EE. UU.
292,Mary,Decker,XXXXXXXXX,XXXXXXXXX,Consumer,6826 Quiet Lane,Amarillo,TX,79109,EE. UU.
293,Charles,Ramos,XXXXXXXXX,XXXXXXXXX,Consumer,3882 Golden Maze,Martinsburg,WV,25401,EE. UU.
294,Mary,Delgado,XXXXXXXXX,XXXXXXXXX,Consumer,1102 Misty Rabbit Alley,Cumberland,MD,21502,EE. UU.
295,Debra,Butler,XXXXXXXXX,XXXXXXXXX,Consumer,8581 Blue Crescent,Pekin,IL,61554,EE. UU.
296,Jennifer,Summers,XXXXXXXXX,XXXXXXXXX,Consumer,2749 Emerald Glen,Tallahassee,FL,32308,EE. UU.
297,Mary,Lee,XXXXXXXXX,XXXXXXXXX,Consumer,7320 Wishing Rise Mall ,Jacksonville,FL,32225,EE. UU.
298,Doris,Smith,XXXXXXXXX,XXXXXXXXX,Consumer,3087 Hazy Glen,Woonsocket,RI,2895,EE. UU.
299,Benjamin,Case,XXXXXXXXX,XXXXXXXXX,Consumer,125 Easy Lake Close,Stockton,CA,95206,EE. UU.
300,Stephanie,Smith,XXXXXXXXX,XXXXXXXXX,Consumer,4263 Cozy Embers Ledge,Lithonia,GA,30058,EE. UU.
301,Mary,Padilla,XXXXXXXXX,XXXXXXXXX,Consumer,9725 Cotton Forest,Oak Lawn,IL,60453,EE. UU.
302,Nicholas,Murray,XXXXXXXXX,XXXXXXXXX,Consumer,1915 Thunder Hickory Freeway,Detroit,MI,48213,EE. UU.
303,Mary,Smith,XXXXXXXXX,XXXXXXXXX,Consumer,1098 Fallen By-pass,Alhambra,CA,91801,EE. UU.
304,Gregory,Nelson,XXXXXXXXX,XXXXXXXXX,Consumer,8271 Foggy Horse Inlet,New Haven,CT,6511,EE. UU.
305,Joseph,Matthews,XXXXXXXXX,XXXXXXXXX,Consumer,3046 Broad Sky Dale,North Tonawanda,NY,14120,EE. UU.
306,Matthew,Roach,XXXXXXXXX,XXXXXXXXX,Consumer,1200 Silent Bend,Phoenix,AZ,85029,EE. UU.
307,Diane,Smith,XXXXXXXXX,XXXXXXXXX,Consumer,8768 Shady Arbor,Kenner,LA,70065,EE. UU.
308,Andrew,Whitehead,XXXXXXXXX,XXXXXXXXX,Consumer,3361 Little Ledge,Washington,PA,15301,EE. UU.
309,George,Smith,XXXXXXXXX,XXXXXXXXX,Consumer,2088 Emerald Downs,Holland,MI,49423,EE. UU.
310,Roger,Black,XXXXXXXXX,XXXXXXXXX,Consumer,5263 Middle Road,Morrisville,PA,19067,EE. UU.
311,Mary,Smith,XXXXXXXXX,XXXXXXXXX,Consumer,7111 Cotton Blossom Estates,Memphis,TN,38128,EE. UU.
312,Mary,Burns,XXXXXXXXX,XXXXXXXXX,Consumer,9419 Cinder Hickory Towers,Federal Way,WA,98023,EE. UU.
313,Mary,Palmer,XXXXXXXXX,XXXXXXXXX,Consumer,4212 Cozy Corners,San Diego,CA,92113,EE. UU.
314,Danielle,Smith,XXXXXXXXX,XXXXXXXXX,Consumer,3614 Misty Mall ,Chicago,IL,60626,EE. UU.
315,Sandra,Smith,XXXXXXXXX,XXXXXXXXX,Consumer,8706 Harvest Green,Los Angeles,CA,90027,EE. UU.
316,Mary,Mullins,XXXXXXXXX,XXXXXXXXX,Consumer,3193 Gentle Circuit,Bronx,NY,10457,EE. UU.
317,Mary,Smith,XXXXXXXXX,XXXXXXXXX,Consumer,7358 Rocky Villas,Long Beach,CA,90805,EE. UU.
318,Patrick,Browning,XXXXXXXXX,XXXXXXXXX,Consumer,112 Green Fawn Estates,Chicago,IL,60637,EE. UU.
319,Andrew,Kim,XXXXXXXXX,XXXXXXXXX,Corporate,7094 Round Carrefour,West Covina,CA,91790,EE. UU.
320,William,Rivera,XXXXXXXXX,XXXXXXXXX,Corporate,3367 Easy Pines,Ventura,CA,93003,EE. UU.
321,Mary,Pope,XXXXXXXXX,XXXXXXXXX,Corporate,4776 Crystal River Stead,Washington,DC,20009,EE. UU.
322,Mary,Smith,XXXXXXXXX,XXXXXXXXX,Corporate,7312 Umber Prairie Wynd,Valrico,FL,33594,EE. UU.
323,Mary,Rios,XXXXXXXXX,XXXXXXXXX,Corporate,1221 Cinder Pines,Kaneohe,HI,96744,EE. UU.
324,Mary,Johnson,XXXXXXXXX,XXXXXXXXX,Corporate,8824 Noble View Valley,Ventura,CA,93003,EE. UU.
325,Mary,Smith,XXXXXXXXX,XXXXXXXXX,Corporate,2720 Stony Field,Brooklyn,NY,11218,EE. UU.
326,Mary,Smith,XXXXXXXXX,XXXXXXXXX,Corporate,698 Colonial Way,Oceanside,CA,92057,EE. UU.
327,Evelyn,Wilson,XXXXXXXXX,XXXXXXXXX,Corporate,7409 Cotton Manor,Fort Worth,TX,76116,EE. UU.
328,Martha,Pierce,XXXXXXXXX,XXXXXXXXX,Corporate,6797 Quiet Mountain Rise,Plymouth,MA,2360,EE. UU.
329,Margaret,Walker,XXXXXXXXX,XXXXXXXXX,Corporate,5731 Cinder Horse Court,Brooklyn,NY,11218,EE. UU.
330,Charles,Stout,XXXXXXXXX,XXXXXXXXX,Corporate,72 Noble Path,Cleveland,OH,44120,EE. UU.
331,Mary,Morrow,XXXXXXXXX,XXXXXXXXX,Corporate,923 Amber Grounds,Philadelphia,PA,19145,EE. UU.
332,Christina,Carter,XXXXXXXXX,XXXXXXXXX,Corporate,3901 Iron Parade,Lodi,CA,95240,EE. UU.
333,Mary,Smith,XXXXXXXXX,XXXXXXXXX,Corporate,4915 Lazy Pine Bay,Bakersfield,CA,93308,EE. UU.
334,Mary,Rodgers,XXXXXXXXX,XXXXXXXXX,Corporate,654 Gentle Acres,Philadelphia,PA,19143,EE. UU.
335,Mary,Smith,XXXXXXXXX,XXXXXXXXX,Corporate,7581 Cinder Link,Long Beach,CA,90813,EE. UU.
336,Pamela,Murphy,XXXXXXXXX,XXXXXXXXX,Corporate,6001 Iron Diversion,San Jose,CA,95122,EE. UU.
337,Jerry,Ingram,XXXXXXXXX,XXXXXXXXX,Corporate,9198 Blue Swale,Murfreesboro,TN,37130,EE. UU.
338,Mary,Brown,XXXXXXXXX,XXXXXXXXX,Corporate,3358 Middle Ridge,Carlsbad,CA,92009,EE. UU.
339,Brandon,Smith,XXXXXXXXX,XXXXXXXXX,Corporate,9785 Silver Hickory Walk,Hamilton,OH,45011,EE. UU.
340,Jacqueline,James,XXXXXXXXX,XXXXXXXXX,Corporate,9391 Little Leaf Ramp,Houston,TX,77083,EE. UU.
341,Mary,Wu,XXXXXXXXX,XXXXXXXXX,Corporate,3810 Honey Swale,New York,NY,10031,EE. UU.
342,Mary,Smith,XXXXXXXXX,XXXXXXXXX,Corporate,5166 Middle Circuit,Hayward,CA,94541,EE. UU.
343,Mary,Weaver,XXXXXXXXX,XXXXXXXXX,Corporate,2269 High Limits,Bridgeton,NJ,8302,EE. UU.
344,Kathy,Smith,XXXXXXXXX,XXXXXXXXX,Corporate,6901 Lazy Plaza,Martinsburg,WV,25401,EE. UU.
345,Rebecca,Hunter,XXXXXXXXX,XXXXXXXXX,Corporate,67 Cotton Mountain Terrace,Bay Shore,NY,11706,EE. UU.
346,Brandon,Foster,XXXXXXXXX,XXXXXXXXX,Corporate,4291 Sunny Fox Mews,Palatine,IL,60067,EE. UU.
347,Mary,Smith,XXXXXXXXX,XXXXXXXXX,Corporate,7790 Green Berry Gate,Smyrna,GA,30080,EE. UU.
348,Matthew,Huffman,XXXXXXXXX,XXXXXXXXX,Corporate,9922 Misty Oak Inlet,Van Nuys,CA,91406,EE. UU.
349,Richard,Reid,XXXXXXXXX,XXXXXXXXX,Corporate,9128 Little Cloud Bay,Opa Locka,FL,33055,EE. UU.
350,Jeremy,Holmes,XXXXXXXXX,XXXXXXXXX,Corporate,1819 Noble Ramp,Los Angeles,CA,90046,EE. UU.
351,Amanda,Marquez,XXXXXXXXX,XXXXXXXXX,Corporate,9539 Velvet Trace,Saint Paul,MN,55106,EE. UU.
352,Maria,Dorsey,XXXXXXXXX,XXXXXXXXX,Corporate,125 Colonial Butterfly Stead,Edison,NJ,8817,EE. UU.
353,Joseph,Pennington,XXXXXXXXX,XXXXXXXXX,Corporate,9084 Middle Embers Passage,Baytown,TX,77520,EE. UU.
354,Jeremy,Holmes,XXXXXXXXX,XXXXXXXXX,Corporate,1819 Noble Ramp,Los Angeles,CA,90046,EE. UU.
355,Mary,Smith,XXXXXXXXX,XXXXXXXXX,Corporate,1994 Lost Berry Promenade,Sylmar,CA,91342,EE. UU.
356,Brandon,Foster,XXXXXXXXX,XXXXXXXXX,Corporate,4291 Sunny Fox Mews,Palatine,IL,60067,EE. UU.
357,Mary,Mann,XXXXXXXXX,XXXXXXXXX,Corporate,7676 Colonial Towers,Bend,OR,97701,EE. UU.
358,Joseph,Pennington,XXXXXXXXX,XXXXXXXXX,Corporate,9084 Middle Embers Passage,Baytown,TX,77520,EE. UU.
359,Christina,Carter,XXXXXXXXX,XXXXXXXXX,Corporate,3901 Iron Parade,Lodi,CA,95240,EE. UU.
360,Mary,Erickson,XXXXXXXXX,XXXXXXXXX,Corporate,2422 High River Corners,Opa Locka,FL,33055,EE. UU.
361,Ronald,Williamson,XXXXXXXXX,XXXXXXXXX,Corporate,398 Pleasant Mountain,Burnsville,MN,55337,EE. UU.
362,Carolyn,Gallegos,XXXXXXXXX,XXXXXXXXX,Corporate,2070 Indian Leaf Edge,Huntington Station,NY,11746,EE. UU.
363,Felicia,Clark,XXXXXXXXX,XXXXXXXXX,Corporate,9135 Green Island Moor,Caguas,PR,725,Puerto Rico
364,Wanda,Sanford,XXXXXXXXX,XXXXXXXXX,Corporate,1800 Quiet Creek Stead,Sunnyvale,CA,94087,EE. UU.
365,Hayfa,Boyle,XXXXXXXXX,XXXXXXXXX,Corporate,1165 Quiet Inlet,Sugar Land,TX,77478,EE. UU.
366,Lavinia,Houston,XXXXXXXXX,XXXXXXXXX,Corporate,432 Rocky Link,Caguas,PR,725,Puerto Rico
367,Yetta,Robinson,XXXXXXXXX,XXXXXXXXX,Corporate,2607 Clear Branch Cape,Brighton,MA,2135,EE. UU.
368,Jennifer,Holmes,XXXXXXXXX,XXXXXXXXX,Corporate,6826 Quiet Lane,Caguas,PR,725,Puerto Rico
369,Mara,Mcneil,XXXXXXXXX,XXXXXXXXX,Corporate,9780 Misty Pike,Garden Grove,CA,92840,EE. UU.
370,Cleo,Woodward,XXXXXXXXX,XXXXXXXXX,Home Office,4135 Golden Shadow Front,Caguas,PR,725,Puerto Rico
371,Cally,Dunn,XXXXXXXXX,XXXXXXXXX,Corporate,8307 Merry Pointe,Bismarck,ND,58501,EE. UU.
372,Wynter,Gay,XXXXXXXXX,XXXXXXXXX,Home Office,9299 Grand Branch Route,Caguas,PR,725,Puerto Rico
373,Hyacinth,Nolan,XXXXXXXXX,XXXXXXXXX,Consumer,2210 Merry Leaf Row,Gaithersburg,MD,20878,EE. UU.
374,Emma,Mayo,XXXXXXXXX,XXXXXXXXX,Corporate,3309 Harvest Thicket,Caguas,PR,725,Puerto Rico
375,Xerxes,Terrell,XXXXXXXXX,XXXXXXXXX,Corporate,5953 Lost Plaza,Bismarck,ND,58501,EE. UU.
376,Noel,Wheeler,XXXXXXXXX,XXXXXXXXX,Corporate,1070 Dusty Beacon Maze,Honolulu,HI,96817,EE. UU.
377,Maryam,Grant,XXXXXXXXX,XXXXXXXXX,Corporate,7094 Sleepy End,Lilburn,GA,30047,EE. UU.
378,Naida,Small,XXXXXXXXX,XXXXXXXXX,Corporate,9393 Golden View Pike,Caguas,PR,725,Puerto Rico
379,Lana,Green,XXXXXXXXX,XXXXXXXXX,Consumer,9627 Little Terrace,Virginia Beach,VA,23455,EE. UU.
380,Patience,Woodward,XXXXXXXXX,XXXXXXXXX,Consumer,1010 Rustic Fox View,Azusa,CA,91702,EE. UU.
381,Rylee,Garrett,XXXXXXXXX,XXXXXXXXX,Corporate,7735 Gentle Terrace,Long Beach,CA,90813,EE. UU.
382,Dakota,Green,XXXXXXXXX,XXXXXXXXX,Consumer,2720 Stony Field,Bronx,NY,10458,EE. UU.
383,Fallon,Donovan,XXXXXXXXX,XXXXXXXXX,Consumer,45 Merry Bear View,Caguas,PR,725,Puerto Rico
384,Kylynn,Zimmerman,XXXXXXXXX,XXXXXXXXX,Consumer,3741 Bright Extension,Provo,UT,84604,EE. UU.
385,Inez,Fleming,XXXXXXXXX,XXXXXXXXX,Consumer,3408 Tawny Spring Glen,Columbia,TN,38401,EE. UU.
386,Carolyn,Davenport,XXXXXXXXX,XXXXXXXXX,Consumer,4105 Fallen Goose Port,Caguas,PR,725,Puerto Rico
387,Miriam,Vega,XXXXXXXXX,XXXXXXXXX,Consumer,6332 Round Range,Stockton,CA,95207,EE. UU.
388,Danielle,Rush,XXXXXXXXX,XXXXXXXXX,Home Office,7121 Foggy Woods,Marietta,GA,30062,EE. UU.
389,Chloe,Pickett,XXXXXXXXX,XXXXXXXXX,Home Office,482 High Quay,Caguas,PR,725,Puerto Rico
390,Beverly,Fisher,XXXXXXXXX,XXXXXXXXX,Consumer,7177 Old Nectar Ridge,Holland,MI,49423,EE. UU.
391,Gillian,Camacho,XXXXXXXXX,XXXXXXXXX,Home Office,6750 Stony Fawn Wood,Rio Grande,PR,745,Puerto Rico
392,Madeline,Wooten,XXXXXXXXX,XXXXXXXXX,Home Office,2636 Indian Expressway,Brooklyn,NY,11212,EE. UU.
393,Yoshi,Shelton,XXXXXXXXX,XXXXXXXXX,Consumer,9891 Foggy Hills Acres,Caguas,PR,725,Puerto Rico
394,Hadley,Russell,XXXXXXXXX,XXXXXXXXX,Corporate,7500 Wishing Brook Grove,Denver,CO,80219,EE. UU.
395,Renee,Morales,XXXXXXXXX,XXXXXXXXX,Corporate,1497 Sleepy Thicket,Taylor,MI,48180,EE. UU.
396,Iola,King,XXXXXXXXX,XXXXXXXXX,Corporate,5012 Honey Wagon Stead,Caguas,PR,725,Puerto Rico
397,Tamekah,Blair,XXXXXXXXX,XXXXXXXXX,Corporate,8832 Old Quay,Chicago,IL,60637,EE. UU.
398,Cherokee,Huffman,XXXXXXXXX,XXXXXXXXX,Corporate,8707 Foggy View,Caguas,PR,725,Puerto Rico
399,Odessa,Cherry,XXXXXXXXX,XXXXXXXXX,Corporate,4148 Indian Landing,Detroit,MI,48205,EE. UU.
400,Rose,Mack,XXXXXXXXX,XXXXXXXXX,Consumer,4690 Quiet Hickory Campus,Caguas,PR,725,Puerto Rico
401,Linda,Haley,XXXXXXXXX,XXXXXXXXX,Consumer,8659 Foggy Deer Port,Murfreesboro,TN,37130,EE. UU.
402,May,Kennedy,XXXXXXXXX,XXXXXXXXX,Consumer,8284 Colonial Gate Path,Caguas,PR,725,Puerto Rico
403,Lilah,Holmes,XXXXXXXXX,XXXXXXXXX,Corporate,7701 Rustic Carrefour,Cleveland,OH,44102,EE. UU.
404,Tana,Franklin,XXXXXXXXX,XXXXXXXXX,Consumer,406 Shady Cider Corner,Caguas,PR,725,Puerto Rico
405,Emi,Mitchell,XXXXXXXXX,XXXXXXXXX,Corporate,4542 Sunny Parade,Lockport,NY,14094,EE. UU.
406,Cynthia,Albert,XXXXXXXXX,XXXXXXXXX,Corporate,2070 Rocky Apple Front,Caguas,PR,725,Puerto Rico
407,Myra,Manning,XXXXXXXXX,XXXXXXXXX,Corporate,3761 Foggy Hickory Extension,Saint Charles,MO,63301,EE. UU.
408,Medge,Mcfarland,XXXXXXXXX,XXXXXXXXX,Corporate,9767 Amber Valley,Los Angeles,CA,90046,EE. UU.
409,Chloe,Nichols,XXXXXXXXX,XXXXXXXXX,Home Office,3538 Rustic Dale Run,Cupertino,CA,95014,EE. UU.
410,Beatrice,Holt,XXXXXXXXX,XXXXXXXXX,Home Office,1946 Jagged Trail,Caguas,PR,725,Puerto Rico
411,Ria,Padilla,XXXXXXXXX,XXXXXXXXX,Home Office,5434 Middle Range,Springfield,MO,65807,EE. UU.
412,Charity,Sharpe,XXXXXXXXX,XXXXXXXXX,Home Office,7108 Cinder Road,Caguas,PR,725,Puerto Rico
413,Nell,Garrison,XXXXXXXXX,XXXXXXXXX,Home Office,1557 High Spring Cove,Mission Viejo,CA,92692,EE. UU.
414,Tamara,Larson,XXXXXXXXX,XXXXXXXXX,Home Office,183 Crystal Lake Drive,Los Angeles,CA,90042,EE. UU.
415,Phyllis,Higgins,XXXXXXXXX,XXXXXXXXX,Home Office,1870 Crystal Blossom Towers,Caguas,PR,725,Puerto Rico
416,Nelle,Shaffer,XXXXXXXXX,XXXXXXXXX,Home Office,8932 High Row,Roswell,GA,30075,EE. UU.
417,Aimee,Daugherty,XXXXXXXXX,XXXXXXXXX,Corporate,6449 Merry Lagoon Drive,Caguas,PR,725,Puerto Rico
418,Blossom,Middleton,XXXXXXXXX,XXXXXXXXX,Home Office,3505 High Mall,Ypsilanti,MI,48197,EE. UU.
419,Breanna,Morrison,XXXXXXXXX,XXXXXXXXX,Corporate,7320 Lazy Forest Falls,Brooklyn,NY,11218,EE. UU.
420,Katelyn,Key,XXXXXXXXX,XXXXXXXXX,Corporate,851 Green Prairie Park,Caguas,PR,725,Puerto Rico
421,Karly,Porter,XXXXXXXXX,XXXXXXXXX,Corporate,5674 Merry Nectar Pines,Peoria,AZ,85345,EE. UU.
422,Olga,Stein,XXXXXXXXX,XXXXXXXXX,Corporate,8651 Heather Drive,Caguas,PR,725,Puerto Rico
423,Brenna,Wyatt,XXXXXXXXX,XXXXXXXXX,Corporate,3068 Indian Quail Cove,Garden Grove,CA,92843,EE. UU.
424,Tatyana,Tyson,XXXXXXXXX,XXXXXXXXX,Home Office,427 Clear Leaf Loop,Caguas,PR,725,Puerto Rico
425,Ifeoma,Hendricks,XXXXXXXXX,XXXXXXXXX,Corporate,5136 Red Prairie Park,Clementon,NJ,8021,EE. UU.
426,Kitra,Howard,XXXXXXXXX,XXXXXXXXX,Corporate,5722 Easy Heath,Memphis,TN,38127,EE. UU.
427,Summer,Hester,XXXXXXXXX,XXXXXXXXX,Consumer,8895 Shady Cider Moor,Antioch,TN,37013,EE. UU.
428,Sopoline,Hood,XXXXXXXXX,XXXXXXXXX,Consumer,4776 Pleasant Pioneer Cape,Caguas,PR,725,Puerto Rico
429,Emma,Suarez,XXXXXXXXX,XXXXXXXXX,Home Office,1853 Umber Field,Salt Lake City,UT,84118,EE. UU.
430,Eliana,Santos,XXXXXXXXX,XXXXXXXXX,Consumer,1142 Round Via,Caguas,PR,725,Puerto Rico
431,Denise,Young,XXXXXXXXX,XXXXXXXXX,Consumer,2027 Thunder Creek Thicket,Bakersfield,CA,93304,EE. UU.
432,Hermione,Rose,XXXXXXXXX,XXXXXXXXX,Corporate,2059 Cozy Field,Caguas,PR,725,Puerto Rico
433,Lara,Kim,XXXXXXXXX,XXXXXXXXX,Consumer,4436 Tawny Private,Granada Hills,CA,91344,EE. UU.
434,Hedy,Dunn,XXXXXXXXX,XXXXXXXXX,Consumer,3914 Silver Horse Cape,Caguas,PR,725,Puerto Rico
435,Violet,Melton,XXXXXXXXX,XXXXXXXXX,Home Office,5002 High Bank,Tallahassee,FL,32308,EE. UU.
436,Taylor,Aguilar,XXXXXXXXX,XXXXXXXXX,Home Office,1982 Burning Forest,Caguas,PR,725,Puerto Rico
437,Clare,Jenkins,XXXXXXXXX,XXXXXXXXX,Home Office,8776 Green Ridge,Hempstead,NY,11550,EE. UU.
438,Xerxes,Marsh,XXXXXXXXX,XXXXXXXXX,Corporate,2568 Rustic Valley,Caguas,PR,725,Puerto Rico
439,Rhonda,Bruce,XXXXXXXXX,XXXXXXXXX,Corporate,3071 Tawny Canyon,Astoria,NY,11103,EE. UU.
440,Morgan,Jimenez,XXXXXXXXX,XXXXXXXXX,Consumer,9666 Colonial Hickory Thicket,Gilroy,CA,95020,EE. UU.
441,Illiana,Mcpherson,XXXXXXXXX,XXXXXXXXX,Consumer,9739 Round Spring Expressway,Caguas,PR,725,Puerto Rico
442,Joan,Hickman,XXXXXXXXX,XXXXXXXXX,Consumer,3847 Blue Place,Azusa,CA,91702,EE. UU.
443,Amity,Weber,XXXXXXXXX,XXXXXXXXX,Consumer,3567 Rocky Grove,Caguas,PR,725,Puerto Rico
444,Jayme,Tyler,XXXXXXXXX,XXXXXXXXX,Consumer,8324 Little Common,Lenoir,NC,28645,EE. UU.
445,Geraldine,Mcfadden,XXXXXXXXX,XXXXXXXXX,Consumer,7802 Gentle Creek Square,Columbus,OH,43228,EE. UU.
446,Anika,Stokes,XXXXXXXXX,XXXXXXXXX,Consumer,7176 Bright Timber Passage,Albany,OR,97321,EE. UU.
447,Dana,Hoffman,XXXXXXXXX,XXXXXXXXX,Consumer,6888 Wishing Mountain Run,Humacao,PR,791,Puerto Rico
448,Blossom,Hill,XXXXXXXXX,XXXXXXXXX,Corporate,4791 Harvest Quail Limits,Caguas,PR,725,Puerto Rico
449,Sybil,Noel,XXXXXXXXX,XXXXXXXXX,Corporate,4482 Velvet Farm,Lindenhurst,NY,11757,EE. UU.
450,Genevieve,Joyce,XXXXXXXXX,XXXXXXXXX,Corporate,4776 Crystal River Stead,Elyria,OH,44035,EE. UU.
451,Tara,Gordon,XXXXXXXXX,XXXXXXXXX,Corporate,425 Noble Lane,Caguas,PR,725,Puerto Rico
452,Emma,Armstrong,XXXXXXXXX,XXXXXXXXX,Consumer,9666 Gentle Shadow Thicket,Riverside,CA,92504,EE. UU.
453,Geraldine,Barlow,XXXXXXXXX,XXXXXXXXX,Corporate,7550 Sleepy View Court,Caguas,PR,725,Puerto Rico
454,Lilah,Huff,XXXXXXXXX,XXXXXXXXX,Home Office,777 Sleepy Quail Key,Carson,CA,90745,EE. UU.
455,Ella,Mcmahon,XXXXXXXXX,XXXXXXXXX,Consumer,6718 High Panda Dell,Mesa,AZ,85204,EE. UU.
456,Lilah,Glass,XXXXXXXXX,XXXXXXXXX,Home Office,9871 Cotton Lagoon End,Caguas,PR,725,Puerto Rico
457,Alyssa,Fowler,XXXXXXXXX,XXXXXXXXX,Home Office,1066 Hidden Green,Honolulu,HI,96818,EE. UU.
458,Heather,Rocha,XXXXXXXXX,XXXXXXXXX,Consumer,7192 Green Arbor,Caguas,PR,725,Puerto Rico
459,Lisa,Smith,XXXXXXXXX,XXXXXXXXX,Home Office,7208 Bright Landing,Caguas,PR,725,Puerto Rico
460,Brittany,Gardner,XXXXXXXXX,XXXXXXXXX,Home Office,4232 Wishing Creek Campus,Caguas,PR,725,Puerto Rico
461,Lori,Perez,XXXXXXXXX,XXXXXXXXX,Home Office,1465 Round Fawn Passage,Caguas,PR,725,Puerto Rico
462,Katherine,Tyler,XXXXXXXXX,XXXXXXXXX,Home Office,8369 Sunny Crossing,Caguas,PR,725,Puerto Rico
463,Dennis,Smith,XXXXXXXXX,XXXXXXXXX,Home Office,2290 Crystal Pathway,Caguas,PR,725,Puerto Rico
464,Billy,Butler,XXXXXXXXX,XXXXXXXXX,Home Office,1112 Cinder Woods,Caguas,PR,725,Puerto Rico
465,Mary,Smith,XXXXXXXXX,XXXXXXXXX,Home Office,1425 Fallen Fox Arbor,Caguas,PR,725,Puerto Rico
466,Mary,Smith,XXXXXXXXX,XXXXXXXXX,Home Office,4694 Burning Front,Caguas,PR,725,Puerto Rico
467,Edward,West,XXXXXXXXX,XXXXXXXXX,Home Office,7293 Lazy Hill,Caguas,PR,725,Puerto Rico
468,Mary,Smith,XXXXXXXXX,XXXXXXXXX,Home Office,482 Easy Avenue,Caguas,PR,725,Puerto Rico
469,Mary,Smith,XXXXXXXXX,XXXXXXXXX,Home Office,4694 Burning Front,Caguas,PR,725,Puerto Rico
470,Matthew,Key,XXXXXXXXX,XXXXXXXXX,Home Office,3709 Green Cider Court,Caguas,PR,725,Puerto Rico
471,Maria,Macdonald,XXXXXXXXX,XXXXXXXXX,Home Office,19 Clear Autumn Estates,Caguas,PR,725,Puerto Rico
472,Michael,Smith,XXXXXXXXX,XXXXXXXXX,Home Office,9138 Indian Nook,Caguas,PR,725,Puerto Rico
473,William,Saunders,XXXXXXXXX,XXXXXXXXX,Home Office,7971 Foggy Highway,Caguas,PR,725,Puerto Rico
474,Alice,Smith,XXXXXXXXX,XXXXXXXXX,Home Office,4294 High Passage,Caguas,PR,725,Puerto Rico
475,Lori,Fuller,XXXXXXXXX,XXXXXXXXX,Home Office,357 Noble Lane,Caguas,PR,725,Puerto Rico
476,Mary,Anderson,XXXXXXXXX,XXXXXXXXX,Home Office,9234 Green Farm,Caguas,PR,725,Puerto Rico
477,Mary,Anderson,XXXXXXXXX,XXXXXXXXX,Home Office,9234 Green Farm,Caguas,PR,725,Puerto Rico
478,Kyle,Thomas,XXXXXXXXX,XXXXXXXXX,Home Office,5274 Easy Beach,Caguas,PR,725,Puerto Rico
479,Mary,Phillips,XXXXXXXXX,XXXXXXXXX,Home Office,1088 Jagged Hills Nook,Caguas,PR,725,Puerto Rico
480,Benjamin,Riddle,XXXXXXXXX,XXXXXXXXX,Home Office,7046 Sleepy Berry Estates,Caguas,PR,725,Puerto Rico
481,Pamela,Murphy,XXXXXXXXX,XXXXXXXXX,Home Office,6982 Cinder Fawn Cape,Caguas,PR,725,Puerto Rico
482,Terry,Trujillo,XXXXXXXXX,XXXXXXXXX,Home Office,5763 Green Crossing,Caguas,PR,725,Puerto Rico
483,Betty,Sanchez,XXXXXXXXX,XXXXXXXXX,Home Office,5913 Easy Quail Wynd,Caguas,PR,725,Puerto Rico
484,Mary,Joyce,XXXXXXXXX,XXXXXXXXX,Home Office,7910 Cotton Branch Highway,Caguas,PR,725,Puerto Rico
485,Gregory,Rodriguez,XXXXXXXXX,XXXXXXXXX,Home Office,1632 Green Fawn Corners,Caguas,PR,725,Puerto Rico
486,Mary,Olson,XXXXXXXXX,XXXXXXXXX,Home Office,7333 Cinder Way,Caguas,PR,725,Puerto Rico
487,Mary,Smith,XXXXXXXXX,XXXXXXXXX,Home Office,2991 Silent Deer Landing,Caguas,PR,725,Puerto Rico
488,Lawrence,Mclaughlin,XXXXXXXXX,XXXXXXXXX,Home Office,7291 Shady Nectar Cape,Caguas,PR,725,Puerto Rico
489,Stephen,Blackburn,XXXXXXXXX,XXXXXXXXX,Home Office,9825 Colonial Freeway,Caguas,PR,725,Puerto Rico
490,Mark,Harris,XXXXXXXXX,XXXXXXXXX,Home Office,2534 Easy Carrefour,Caguas,PR,725,Puerto Rico
491,Gregory,Rodriguez,XXXXXXXXX,XXXXXXXXX,Home Office,1632 Green Fawn Corners,Caguas,PR,725,Puerto Rico
492,Mary,Smith,XXXXXXXXX,XXXXXXXXX,Home Office,1914 Iron Berry Edge,Caguas,PR,725,Puerto Rico
493,Mark,Harris,XXXXXXXXX,XXXXXXXXX,Home Office,2534 Easy Carrefour,Caguas,PR,725,Puerto Rico
494,Cynthia,Nelson,XXXXXXXXX,XXXXXXXXX,Home Office,3200 Amber Pine Vale,Caguas,PR,725,Puerto Rico
495,Hannah,Smith,XXXXXXXXX,XXXXXXXXX,Home Office,5086 Emerald Fox Farms,Caguas,PR,725,Puerto Rico
496,Mark,Harris,XXXXXXXXX,XXXXXXXXX,Home Office,2534 Easy Carrefour,Caguas,PR,725,Puerto Rico
497,Mary,King,XXXXXXXXX,XXXXXXXXX,Home Office,4210 Dewy Round,Caguas,PR,725,Puerto Rico
498,Aaron,Smith,XXXXXXXXX,XXXXXXXXX,Home Office,8570 Hazy Forest End,Caguas,PR,725,Puerto Rico
499,Carolyn,Rodriguez,XXXXXXXXX,XXXXXXXXX,Home Office,9885 Hazy Forest Path,Caguas,PR,725,Puerto Rico
500,Mary,Smith,XXXXXXXXX,XXXXXXXXX,Home Office,2264 Thunder Abbey,Caguas,PR,725,Puerto Rico
