Product Id,Product Image,Product Name,Product Price,Category Id,Category Name
1,http://images.acmesports.sports/Smart+watch ,Smart watch ,327.75,73,Sporting Goods
2,http://images.acmesports.sports/Smart+watch ,Smart watch ,327.75,73,Sporting Goods
3,http://images.acmesports.sports/Smart+watch ,Smart watch ,327.75,73,Sporting Goods
4,http://images.acmesports.sports/Smart+watch ,Smart watch ,327.75,73,Sporting Goods
5,http://images.acmesports.sports/Smart+watch ,Smart watch ,327.75,73,Sporting Goods
6,http://images.acmesports.sports/Smart+watch ,Smart watch ,327.75,73,Sporting Goods
7,http://images.acmesports.sports/Smart+watch ,Smart watch ,327.75,73,Sporting Goods
8,http://images.acmesports.sports/Smart+watch ,Smart watch ,327.75,73,Sporting Goods
9,http://images.acmesports.sports/Smart+watch ,Smart watch ,327.75,73,Sporting Goods
10,http://images.acmesports.sports/Smart+watch ,Smart watch ,327.75,73,Sporting Goods
11,http://images.acmesports.sports/Smart+watch ,Smart watch ,327.75,73,Sporting Goods
12,http://images.acmesports.sports/Smart+watch ,Smart watch ,327.75,73,Sporting Goods
13,http://images.acmesports.sports/Smart+watch ,Smart watch ,327.75,73,Sporting Goods
14,http://images.acmesports.sports/Smart+watch ,Smart watch ,327.75,73,Sporting Goods
15,http://images.acmesports.sports/Smart+watch ,Smart watch ,327.75,73,Sporting Goods
16,http://images.acmesports.sports/Smart+watch ,Smart watch ,327.75,73,Sporting Goods
17,http://images.acmesports.sports/Smart+watch ,Smart watch ,327.75,73,Sporting Goods
18,http://images.acmesports.sports/Smart+watch ,Smart watch ,327.75,73,Sporting Goods
19,http://images.acmesports.sports/Smart+watch ,Smart watch ,327.75,73,Sporting Goods
20,http://images.acmesports.sports/Smart+watch ,Smart watch ,327.75,73,Sporting Goods
21,http://images.acmesports.sports/Smart+watch ,Smart watch ,327.75,73,Sporting Goods
22,http://images.acmesports.sports/Smart+watch ,Smart watch ,327.75,73,Sporting Goods
23,http://images.acmesports.sports/Smart+watch ,Smart watch ,327.75,73,Sporting Goods
24,http://images.acmesports.sports/Smart+watch ,Smart watch ,327.75,73,Sporting Goods
25,http://images.acmesports.sports/Smart+watch ,Smart watch ,327.75,73,Sporting Goods
26,http://images.acmesports.sports/Smart+watch ,Smart watch ,327.75,73,Sporting Goods
27,http://images.acmesports.sports/Smart+watch ,Smart watch ,327.75,73,Sporting Goods
28,http://images.acmesports.sports/Smart+watch ,Smart watch ,327.75,73,Sporting Goods
29,http://images.acmesports.sports/Smart+watch ,Smart watch ,327.75,73,Sporting Goods
30,http://images.acmesports.sports/Smart+watch ,Smart watch ,327.75,73,Sporting Goods
31,http://images.acmesports.sports/Smart+watch ,Smart watch ,327.75,73,Sporting Goods
32,http://images.acmesports.sports/Smart+watch ,Smart watch ,327.75,73,Sporting Goods
33,http://images.acmesports.sports/Smart+watch ,Smart watch ,327.75,73,Sporting Goods
34,http://images.acmesports.sports/Smart+watch ,Smart watch ,327.75,73,Sporting Goods
35,http://images.acmesports.sports/Smart+watch ,Smart watch ,327.75,73,Sporting Goods
36,http://images.acmesports.sports/Smart+watch ,Smart watch ,327.75,73,Sporting Goods
37,http://images.acmesports.sports/Smart+watch ,Smart watch ,327.75,73,Sporting Goods
38,http://images.acmesports.sports/Smart+watch ,Smart watch ,327.75,73,Sporting Goods
39,http://images.acmesports.sports/Smart+watch ,Smart watch ,327.75,73,Sporting Goods
40,http://images.acmesports.sports/Smart+watch ,Smart watch ,327.75,73,Sporting Goods
41,http://images.acmesports.sports/Smart+watch ,Smart watch ,327.75,73,Sporting Goods
42,http://images.acmesports.sports/Smart+watch ,Smart watch ,327.75,73,Sporting Goods
43,http://images.acmesports.sports/Smart+watch ,Smart watch ,327.75,73,Sporting Goods
44,http://images.acmesports.sports/Smart+watch ,Smart watch ,327.75,73,Sporting Goods
45,http://images.acmesports.sports/Smart+watch ,Smart watch ,327.75,73,Sporting Goods
46,http://images.acmesports.sports/Smart+watch ,Smart watch ,327.75,73,Sporting Goods
47,http://images.acmesports.sports/Smart+watch ,Smart watch ,327.75,73,Sporting Goods
48,http://images.acmesports.sports/Smart+watch ,Smart watch ,327.75,73,Sporting Goods
49,http://images.acmesports.sports/Perfect+Fitness+Perfect+Rip+Deck,Perfect Fitness Perfect Rip Deck,59.99000168,17,Cleats
50,http://images.acmesports.sports/Under+Armour+Girls%27+Toddler+Spine+Surge+Running+Shoe,Under Armour Girls' Toddler Spine Surge Runni,39.99000168,29,Shop By Sport
51,http://images.acmesports.sports/Nike+Men%27s+Dri-FIT+Victory+Golf+Polo,Nike Men's Dri-FIT Victory Golf Polo,50.0,24,Women's Apparel
52,http://images.acmesports.sports/Under+Armour+Girls%27+Toddler+Spine+Surge+Running+Shoe,Under Armour Girls' Toddler Spine Surge Runni,39.99000168,29,Shop By Sport
53,http://images.acmesports.sports/Nike+Men%27s+Dri-FIT+Victory+Golf+Polo,Nike Men's Dri-FIT Victory Golf Polo,50.0,24,Women's Apparel
54,http://images.acmesports.sports/Nike+Men%27s+Dri-FIT+Victory+Golf+Polo,Nike Men's Dri-FIT Victory Golf Polo,50.0,24,Women's Apparel
55,http://images.acmesports.sports/Nike+Men%27s+Dri-FIT+Victory+Golf+Polo,Nike Men's Dri-FIT Victory Golf Polo,50.0,24,Women's Apparel
56,http://images.acmesports.sports/Under+Armour+Men%27s+Compression+EV+SL+Slide,Under Armour Men's Compression EV SL Slide,44.99000168,13,Electronics
57,http://images.acmesports.sports/Under+Armour+Women%27s+Micro+G+Skulpt+Running+Shoe,Under Armour Women's Micro G Skulpt Running S,54.97000122,12,Boxing & MMA
58,http://images.acmesports.sports/Perfect+Fitness+Perfect+Rip+Deck,Perfect Fitness Perfect Rip Deck,59.99000168,17,Cleats
59,http://images.acmesports.sports/Perfect+Fitness+Perfect+Rip+Deck,Perfect Fitness Perfect Rip Deck,59.99000168,17,Cleats
60,http://images.acmesports.sports/Nike+Men%27s+Free+5.0%2B+Running+Shoe,Nike Men's Free 5.0+ Running Shoe,99.98999786,9,Cardio Equipment
61,http://images.acmesports.sports/Under+Armour+Girls%27+Toddler+Spine+Surge+Running+Shoe,Under Armour Girls' Toddler Spine Surge Runni,39.99000168,29,Shop By Sport
62,http://images.acmesports.sports/Glove+It+Women%27s+Mod+Oval+3-Zip+Carry+All+Golf+Bag,Glove It Women's Mod Oval 3-Zip Carry All Gol,21.98999977,41,Trade-In
63,http://images.acmesports.sports/Bridgestone+e6+Straight+Distance+NFL+San+Diego+Chargers...,Bridgestone e6 Straight Distance NFL San Dieg,31.98999977,37,Electronics
64,http://images.acmesports.sports/Nike+Men%27s+Free+5.0%2B+Running+Shoe,Nike Men's Free 5.0+ Running Shoe,99.98999786,9,Cardio Equipment
65,http://images.acmesports.sports/Nike+Men%27s+Free+5.0%2B+Running+Shoe,Nike Men's Free 5.0+ Running Shoe,99.98999786,9,Cardio Equipment
66,http://images.acmesports.sports/Nike+Men%27s+Free+5.0%2B+Running+Shoe,Nike Men's Free 5.0+ Running Shoe,99.98999786,9,Cardio Equipment
67,http://images.acmesports.sports/Perfect+Fitness+Perfect+Rip+Deck,Perfect Fitness Perfect Rip Deck,59.99000168,17,Cleats
68,http://images.acmesports.sports/Perfect+Fitness+Perfect+Rip+Deck,Perfect Fitness Perfect Rip Deck,59.99000168,17,Cleats
69,http://images.acmesports.sports/Perfect+Fitness+Perfect+Rip+Deck,Perfect Fitness Perfect Rip Deck,59.99000168,17,Cleats
70,http://images.acmesports.sports/Perfect+Fitness+Perfect+Rip+Deck,Perfect Fitness Perfect Rip Deck,59.99000168,17,Cleats
71,http://images.acmesports.sports/Nike+Men%27s+Dri-FIT+Victory+Golf+Polo,Nike Men's Dri-FIT Victory Golf Polo,50.0,24,Women's Apparel
72,http://images.acmesports.sports/Under+Armour+Girls%27+Toddler+Spine+Surge+Running+Shoe,Under Armour Girls' Toddler Spine Surge Runni,39.99000168,29,Shop By Sport
73,http://images.acmesports.sports/Nike+Men%27s+Dri-FIT+Victory+Golf+Polo,Nike Men's Dri-FIT Victory Golf Polo,50.0,24,Women's Apparel
74,http://images.acmesports.sports/Glove+It+Women%27s+Mod+Oval+3-Zip+Carry+All+Golf+Bag,Glove It Women's Mod Oval 3-Zip Carry All Gol,21.98999977,41,Trade-In
75,http://images.acmesports.sports/Nike+Men%27s+Free+5.0%2B+Running+Shoe,Nike Men's Free 5.0+ Running Shoe,99.98999786,9,Cardio Equipment
76,http://images.acmesports.sports/Perfect+Fitness+Perfect+Rip+Deck,Perfect Fitness Perfect Rip Deck,59.99000168,17,Cleats
77,http://images.acmesports.sports/Perfect+Fitness+Perfect+Rip+Deck,Perfect Fitness Perfect Rip Deck,59.99000168,17,Cleats
78,http://images.acmesports.sports/Perfect+Fitness+Perfect+Rip+Deck,Perfect Fitness Perfect Rip Deck,59.99000168,17,Cleats
79,http://images.acmesports.sports/Perfect+Fitness+Perfect+Rip+Deck,Perfect Fitness Perfect Rip Deck,59.99000168,17,Cleats
80,http://images.acmesports.sports/Perfect+Fitness+Perfect+Rip+Deck,Perfect Fitness Perfect Rip Deck,59.99000168,17,Cleats
81,http://images.acmesports.sports/Perfect+Fitness+Perfect+Rip+Deck,Perfect Fitness Perfect Rip Deck,59.99000168,17,Cleats
82,http://images.acmesports.sports/Perfect+Fitness+Perfect+Rip+Deck,Perfect Fitness Perfect Rip Deck,59.99000168,17,Cleats
83,http://images.acmesports.sports/Nike+Men%27s+Dri-FIT+Victory+Golf+Polo,Nike Men's Dri-FIT Victory Golf Polo,50.0,24,Women's Apparel
84,http://images.acmesports.sports/Under+Armour+Girls%27+Toddler+Spine+Surge+Running+Shoe,Under Armour Girls' Toddler Spine Surge Runni,39.99000168,29,Shop By Sport
85,http://images.acmesports.sports/Nike+Men%27s+Dri-FIT+Victory+Golf+Polo,Nike Men's Dri-FIT Victory Golf Polo,50.0,24,Women's Apparel
86,http://images.acmesports.sports/Nike+Men%27s+Dri-FIT+Victory+Golf+Polo,Nike Men's Dri-FIT Victory Golf Polo,50.0,24,Women's Apparel
87,http://images.acmesports.sports/Nike+Men%27s+Dri-FIT+Victory+Golf+Polo,Nike Men's Dri-FIT Victory Golf Polo,50.0,24,Women's Apparel
88,http://images.acmesports.sports/Nike+Men%27s+Dri-FIT+Victory+Golf+Polo,Nike Men's Dri-FIT Victory Golf Polo,50.0,24,Women's Apparel
89,http://images.acmesports.sports/Nike+Men%27s+Dri-FIT+Victory+Golf+Polo,Nike Men's Dri-FIT Victory Golf Polo,50.0,24,Women's Apparel
90,http://images.acmesports.sports/Nike+Men%27s+Dri-FIT+Victory+Golf+Polo,Nike Men's Dri-FIT Victory Golf Polo,50.0,24,Women's Apparel
91,http://images.acmesports.sports/Nike+Men%27s+Dri-FIT+Victory+Golf+Polo,Nike Men's Dri-FIT Victory Golf Polo,50.0,24,Women's Apparel
92,http://images.acmesports.sports/Under+Armour+Girls%27+Toddler+Spine+Surge+Running+Shoe,Under Armour Girls' Toddler Spine Surge Runni,39.99000168,29,Shop By Sport
93,http://images.acmesports.sports/Nike+Men%27s+Dri-FIT+Victory+Golf+Polo,Nike Men's Dri-FIT Victory Golf Polo,50.0,24,Women's Apparel
94,http://images.acmesports.sports/Under+Armour+Girls%27+Toddler+Spine+Surge+Running+Shoe,Under Armour Girls' Toddler Spine Surge Runni,39.99000168,29,Shop By Sport
95,http://images.acmesports.sports/Under+Armour+Girls%27+Toddler+Spine+Surge+Running+Shoe,Under Armour Girls' Toddler Spine Surge Runni,39.99000168,29,Shop By Sport
96,http://images.acmesports.sports/Nike+Men%27s+Dri-FIT+Victory+Golf+Polo,Nike Men's Dri-FIT Victory Golf Polo,50.0,24,Women's Apparel
97,http://images.acmesports.sports/Nike+Men%27s+Dri-FIT+Victory+Golf+Polo,Nike Men's Dri-FIT Victory Golf Polo,50.0,24,Women's Apparel
98,http://images.acmesports.sports/Columbia+Men%27s+PFG+Anchor+Tough+T-Shirt,Columbia Men's PFG Anchor Tough T-Shirt,30.0,29,Shop By Sport
99,http://images.acmesports.sports/Under+Armour+Girls%27+Toddler+Spine+Surge+Running+Shoe,Under Armour Girls' Toddler Spine Surge Runni,39.99000168,29,Shop By Sport
100,http://images.acmesports.sports/Nike+Men%27s+Dri-FIT+Victory+Golf+Polo,Nike Men's Dri-FIT Victory Golf Polo,50.0,24,Women's Apparel
101,http://images.acmesports.sports/Nike+Men%27s+Dri-FIT+Victory+Golf+Polo,Nike Men's Dri-FIT Victory Golf Polo,50.0,24,Women's Apparel
102,http://images.acmesports.sports/Under+Armour+Girls%27+Toddler+Spine+Surge+Running+Shoe,Under Armour Girls' Toddler Spine Surge Runni,39.99000168,29,Shop By Sport
103,http://images.acmesports.sports/Nike+Men%27s+Dri-FIT+Victory+Golf+Polo,Nike Men's Dri-FIT Victory Golf Polo,50.0,24,Women's Apparel
104,http://images.acmesports.sports/Nike+Men%27s+Dri-FIT+Victory+Golf+Polo,Nike Men's Dri-FIT Victory Golf Polo,50.0,24,Women's Apparel
105,http://images.acmesports.sports/Under+Armour+Girls%27+Toddler+Spine+Surge+Running+Shoe,Under Armour Girls' Toddler Spine Surge Runni,39.99000168,29,Shop By Sport
106,http://images.acmesports.sports/Nike+Men%27s+Dri-FIT+Victory+Golf+Polo,Nike Men's Dri-FIT Victory Golf Polo,50.0,24,Women's Apparel
107,http://images.acmesports.sports/Under+Armour+Girls%27+Toddler+Spine+Surge+Running+Shoe,Under Armour Girls' Toddler Spine Surge Runni,39.99000168,29,Shop By Sport
108,http://images.acmesports.sports/Nike+Men%27s+Dri-FIT+Victory+Golf+Polo,Nike Men's Dri-FIT Victory Golf Polo,50.0,24,Women's Apparel
109,http://images.acmesports.sports/Nike+Men%27s+Dri-FIT+Victory+Golf+Polo,Nike Men's Dri-FIT Victory Golf Polo,50.0,24,Women's Apparel
110,http://images.acmesports.sports/Nike+Men%27s+Dri-FIT+Victory+Golf+Polo,Nike Men's Dri-FIT Victory Golf Polo,50.0,24,Women's Apparel
111,http://images.acmesports.sports/Nike+Men%27s+Dri-FIT+Victory+Golf+Polo,Nike Men's Dri-FIT Victory Golf Polo,50.0,24,Women's Apparel
112,http://images.acmesports.sports/Under+Armour+Girls%27+Toddler+Spine+Surge+Running+Shoe,Under Armour Girls' Toddler Spine Surge Runni,39.99000168,29,Shop By Sport
113,http://images.acmesports.sports/Nike+Men%27s+Dri-FIT+Victory+Golf+Polo,Nike Men's Dri-FIT Victory Golf Polo,50.0,24,Women's Apparel
114,http://images.acmesports.sports/Nike+Men%27s+Dri-FIT+Victory+Golf+Polo,Nike Men's Dri-FIT Victory Golf Polo,50.0,24,Women's Apparel
115,http://images.acmesports.sports/Nike+Men%27s+Dri-FIT+Victory+Golf+Polo,Nike Men's Dri-FIT Victory Golf Polo,50.0,24,Women's Apparel
116,http://images.acmesports.sports/Titleist+Pro+V1x+Golf+Balls,Titleist Pro V1x Golf Balls,47.99000168,37,Electronics
117,http://images.acmesports.sports/Bridgestone+e6+Straight+Distance+NFL+Tennessee+Titans+Golf...,Bridgestone e6 Straight Distance NFL Tennesse,31.98999977,37,Electronics
118,http://images.acmesports.sports/Polar+FT4+Heart+Rate+Monitor,Polar FT4 Heart Rate Monitor,89.98999786,38,Kids' Golf Clubs
119,http://images.acmesports.sports/ENO+Atlas+Hammock+Straps,ENO Atlas Hammock Straps,29.98999977,44,Hunting & Shooting
120,http://images.acmesports.sports/adidas+Men%27s+F10+Messi+TRX+FG+Soccer+Cleat,adidas Men's F10 Messi TRX FG Soccer Cleat,59.99000168,3,Baseball & Softball
121,http://images.acmesports.sports/Nike+Men%27s+Free+5.0%2B+Running+Shoe,Nike Men's Free 5.0+ Running Shoe,99.98999786,9,Cardio Equipment
122,http://images.acmesports.sports/Nike+Men%27s+Free+5.0%2B+Running+Shoe,Nike Men's Free 5.0+ Running Shoe,99.98999786,9,Cardio Equipment
123,http://images.acmesports.sports/Nike+Men%27s+Free+5.0%2B+Running+Shoe,Nike Men's Free 5.0+ Running Shoe,99.98999786,9,Cardio Equipment
124,http://images.acmesports.sports/Nike+Men%27s+Free+5.0%2B+Running+Shoe,Nike Men's Free 5.0+ Running Shoe,99.98999786,9,Cardio Equipment
125,http://images.acmesports.sports/Nike+Men%27s+Free+5.0%2B+Running+Shoe,Nike Men's Free 5.0+ Running Shoe,99.98999786,9,Cardio Equipment
126,http://images.acmesports.sports/Nike+Men%27s+Free+5.0%2B+Running+Shoe,Nike Men's Free 5.0+ Running Shoe,99.98999786,9,Cardio Equipment
127,http://images.acmesports.sports/Nike+Men%27s+Free+5.0%2B+Running+Shoe,Nike Men's Free 5.0+ Running Shoe,99.98999786,9,Cardio Equipment
128,http://images.acmesports.sports/Nike+Men%27s+Free+5.0%2B+Running+Shoe,Nike Men's Free 5.0+ Running Shoe,99.98999786,9,Cardio Equipment
129,http://images.acmesports.sports/Nike+Men%27s+Free+5.0%2B+Running+Shoe,Nike Men's Free 5.0+ Running Shoe,99.98999786,9,Cardio Equipment
130,http://images.acmesports.sports/Brooks+Women%27s+Ghost+6+Running+Shoe,Brooks Women's Ghost 6 Running Shoe,89.98999786,12,Boxing & MMA
131,http://images.acmesports.sports/Perfect+Fitness+Perfect+Rip+Deck,Perfect Fitness Perfect Rip Deck,59.99000168,17,Cleats
132,http://images.acmesports.sports/Perfect+Fitness+Perfect+Rip+Deck,Perfect Fitness Perfect Rip Deck,59.99000168,17,Cleats
133,http://images.acmesports.sports/Perfect+Fitness+Perfect+Rip+Deck,Perfect Fitness Perfect Rip Deck,59.99000168,17,Cleats
134,http://images.acmesports.sports/Perfect+Fitness+Perfect+Rip+Deck,Perfect Fitness Perfect Rip Deck,59.99000168,17,Cleats
135,http://images.acmesports.sports/Perfect+Fitness+Perfect+Rip+Deck,Perfect Fitness Perfect Rip Deck,59.99000168,17,Cleats
136,http://images.acmesports.sports/Perfect+Fitness+Perfect+Rip+Deck,Perfect Fitness Perfect Rip Deck,59.99000168,17,Cleats
137,http://images.acmesports.sports/Perfect+Fitness+Perfect+Rip+Deck,Perfect Fitness Perfect Rip Deck,59.99000168,17,Cleats
138,http://images.acmesports.sports/Nike+Men%27s+Free+5.0%2B+Running+Shoe,Nike Men's Free 5.0+ Running Shoe,99.98999786,9,Cardio Equipment
139,http://images.acmesports.sports/Nike+Men%27s+CJ+Elite+2+TD+Football+Cleat,Nike Men's CJ Elite 2 TD Football Cleat,129.9900055,18,Men's Footwear
140,http://images.acmesports.sports/Nike+Men%27s+CJ+Elite+2+TD+Football+Cleat,Nike Men's CJ Elite 2 TD Football Cleat,129.9900055,18,Men's Footwear
141,http://images.acmesports.sports/Nike+Men%27s+CJ+Elite+2+TD+Football+Cleat,Nike Men's CJ Elite 2 TD Football Cleat,129.9900055,18,Men's Footwear
142,http://images.acmesports.sports/Perfect+Fitness+Perfect+Rip+Deck,Perfect Fitness Perfect Rip Deck,59.99000168,17,Cleats
143,http://images.acmesports.sports/Nike+Men%27s+CJ+Elite+2+TD+Football+Cleat,Nike Men's CJ Elite 2 TD Football Cleat,129.9900055,18,Men's Footwear
144,http://images.acmesports.sports/Diamondback+Women%27s+Serene+Classic+Comfort+Bike+2014,Diamondback Women's Serene Classic Comfort Bi,299.980011,43,Camping & Hiking
145,http://images.acmesports.sports/Diamondback+Women%27s+Serene+Classic+Comfort+Bike+2014,Diamondback Women's Serene Classic Comfort Bi,299.980011,43,Camping & Hiking
146,http://images.acmesports.sports/Industrial+consumer+electronics,Industrial consumer electronics,252.8800049,65,Consumer Electronics
147,http://images.acmesports.sports/Web+Camera,Web Camera,452.0400085,62,Cameras 
148,http://images.acmesports.sports/Industrial+consumer+electronics,Industrial consumer electronics,252.8800049,65,Consumer Electronics
149,http://images.acmesports.sports/Web+Camera,Web Camera,452.0400085,62,Cameras 
150,http://images.acmesports.sports/Industrial+consumer+electronics,Industrial consumer electronics,252.8800049,65,Consumer Electronics
151,http://images.acmesports.sports/Web+Camera,Web Camera,452.0400085,62,Cameras 
152,http://images.acmesports.sports/Industrial+consumer+electronics,Industrial consumer electronics,252.8800049,65,Consumer Electronics
153,http://images.acmesports.sports/Dell+Laptop,Dell Laptop,1500.0,64,Computers
154,http://images.acmesports.sports/Web+Camera,Web Camera,452.0400085,62,Cameras 
155,http://images.acmesports.sports/Web+Camera,Web Camera,452.0400085,62,Cameras 
156,http://images.acmesports.sports/Dell+Laptop,Dell Laptop,1500.0,64,Computers
157,http://images.acmesports.sports/Web+Camera,Web Camera,452.0400085,62,Cameras 
158,http://images.acmesports.sports/Industrial+consumer+electronics,Industrial consumer electronics,252.8800049,65,Consumer Electronics
159,http://images.acmesports.sports/Web+Camera,Web Camera,452.0400085,62,Cameras 
160,http://images.acmesports.sports/Industrial+consumer+electronics,Industrial consumer electronics,252.8800049,65,Consumer Electronics
161,http://images.acmesports.sports/Dell+Laptop,Dell Laptop,1500.0,64,Computers
162,http://images.acmesports.sports/Web+Camera,Web Camera,452.0400085,62,Cameras 
163,http://images.acmesports.sports/Industrial+consumer+electronics,Industrial consumer electronics,252.8800049,65,Consumer Electronics
164,http://images.acmesports.sports/Web+Camera,Web Camera,452.0400085,62,Cameras 
165,http://images.acmesports.sports/Industrial+consumer+electronics,Industrial consumer electronics,252.8800049,65,Consumer Electronics
166,http://images.acmesports.sports/Web+Camera,Web Camera,452.0400085,62,Cameras 
167,http://images.acmesports.sports/Industrial+consumer+electronics,Industrial consumer electronics,252.8800049,65,Consumer Electronics
168,http://images.acmesports.sports/Industrial+consumer+electronics,Industrial consumer electronics,252.8800049,65,Consumer Electronics
169,http://images.acmesports.sports/Industrial+consumer+electronics,Industrial consumer electronics,252.8800049,65,Consumer Electronics
170,http://images.acmesports.sports/Web+Camera,Web Camera,452.0400085,62,Cameras 
171,http://images.acmesports.sports/Web+Camera,Web Camera,452.0400085,62,Cameras 
172,http://images.acmesports.sports/Industrial+consumer+electronics,Industrial consumer electronics,252.8800049,65,Consumer Electronics
173,http://images.acmesports.sports/Dell+Laptop,Dell Laptop,1500.0,64,Computers
174,http://images.acmesports.sports/Web+Camera,Web Camera,452.0400085,62,Cameras 
175,http://images.acmesports.sports/SOLE+E25+Elliptical,SOLE E25 Elliptical,999.9899902,4,Basketball
176,http://images.acmesports.sports/Elevation+Training+Mask+2.0,Elevation Training Mask 2.0,79.98999786,2,Soccer
177,http://images.acmesports.sports/adidas+Men%27s+F10+Messi+TRX+FG+Soccer+Cleat,adidas Men's F10 Messi TRX FG Soccer Cleat,59.99000168,3,Baseball & Softball
178,http://images.acmesports.sports/Under+Armour+Men%27s+Compression+EV+SL+Slide,Under Armour Men's Compression EV SL Slide,44.99000168,13,Electronics
179,http://images.acmesports.sports/Nike+Men%27s+Free+5.0%2B+Running+Shoe,Nike Men's Free 5.0+ Running Shoe,99.98999786,9,Cardio Equipment
180,http://images.acmesports.sports/Nike+Men%27s+Free+5.0%2B+Running+Shoe,Nike Men's Free 5.0+ Running Shoe,99.98999786,9,Cardio Equipment
181,http://images.acmesports.sports/Under+Armour+Men%27s+Compression+EV+SL+Slide,Under Armour Men's Compression EV SL Slide,44.99000168,13,Electronics
182,http://images.acmesports.sports/Nike+Men%27s+Free+5.0%2B+Running+Shoe,Nike Men's Free 5.0+ Running Shoe,99.98999786,9,Cardio Equipment
183,http://images.acmesports.sports/Nike+Men%27s+Free+5.0%2B+Running+Shoe,Nike Men's Free 5.0+ Running Shoe,99.98999786,9,Cardio Equipment
184,http://images.acmesports.sports/Under+Armour+Men%27s+Compression+EV+SL+Slide,Under Armour Men's Compression EV SL Slide,44.99000168,13,Electronics
185,http://images.acmesports.sports/Nike+Men%27s+Free+5.0%2B+Running+Shoe,Nike Men's Free 5.0+ Running Shoe,99.98999786,9,Cardio Equipment
186,http://images.acmesports.sports/Nike+Men%27s+Free+5.0%2B+Running+Shoe,Nike Men's Free 5.0+ Running Shoe,99.98999786,9,Cardio Equipment
187,http://images.acmesports.sports/Nike+Men%27s+Free+5.0%2B+Running+Shoe,Nike Men's Free 5.0+ Running Shoe,99.98999786,9,Cardio Equipment
188,http://images.acmesports.sports/Perfect+Fitness+Perfect+Rip+Deck,Perfect Fitness Perfect Rip Deck,59.99000168,17,Cleats
189,http://images.acmesports.sports/Perfect+Fitness+Perfect+Rip+Deck,Perfect Fitness Perfect Rip Deck,59.99000168,17,Cleats
190,http://images.acmesports.sports/Perfect+Fitness+Perfect+Rip+Deck,Perfect Fitness Perfect Rip Deck,59.99000168,17,Cleats
191,http://images.acmesports.sports/Under+Armour+Girls%27+Toddler+Spine+Surge+Running+Shoe,Under Armour Girls' Toddler Spine Surge Runni,39.99000168,29,Shop By Sport
192,http://images.acmesports.sports/adidas+Men%27s+Germany+Black+Crest+Away+Tee,adidas Men's Germany Black Crest Away Tee,25.0,26,Girls' Apparel
193,http://images.acmesports.sports/Nike+Men%27s+Dri-FIT+Victory+Golf+Polo,Nike Men's Dri-FIT Victory Golf Polo,50.0,24,Women's Apparel
194,http://images.acmesports.sports/Nike+Men%27s+Dri-FIT+Victory+Golf+Polo,Nike Men's Dri-FIT Victory Golf Polo,50.0,24,Women's Apparel
195,http://images.acmesports.sports/Nike+Men%27s+Dri-FIT+Victory+Golf+Polo,Nike Men's Dri-FIT Victory Golf Polo,50.0,24,Women's Apparel
196,http://images.acmesports.sports/Under+Armour+Girls%27+Toddler+Spine+Surge+Running+Shoe,Under Armour Girls' Toddler Spine Surge Runni,39.99000168,29,Shop By Sport
197,http://images.acmesports.sports/Under+Armour+Girls%27+Toddler+Spine+Surge+Running+Shoe,Under Armour Girls' Toddler Spine Surge Runni,39.99000168,29,Shop By Sport
198,http://images.acmesports.sports/Team+Golf+Pittsburgh+Steelers+Putter+Grip,Team Golf Pittsburgh Steelers Putter Grip,24.98999977,40,Accessories
199,http://images.acmesports.sports/Glove+It+Urban+Brick+Golf+Towel,Glove It Urban Brick Golf Towel,15.98999977,41,Trade-In
200,http://images.acmesports.sports/Perfect+Fitness+Perfect+Rip+Deck,Perfect Fitness Perfect Rip Deck,59.99000168,17,Cleats
201,http://images.acmesports.sports/Perfect+Fitness+Perfect+Rip+Deck,Perfect Fitness Perfect Rip Deck,59.99000168,17,Cleats
202,http://images.acmesports.sports/Nike+Men%27s+Dri-FIT+Victory+Golf+Polo,Nike Men's Dri-FIT Victory Golf Polo,50.0,24,Women's Apparel
203,http://images.acmesports.sports/Under+Armour+Girls%27+Toddler+Spine+Surge+Running+Shoe,Under Armour Girls' Toddler Spine Surge Runni,39.99000168,29,Shop By Sport
204,http://images.acmesports.sports/Nike+Men%27s+Dri-FIT+Victory+Golf+Polo,Nike Men's Dri-FIT Victory Golf Polo,50.0,24,Women's Apparel
205,http://images.acmesports.sports/Team+Golf+Texas+Longhorns+Putter+Grip,Team Golf Texas Longhorns Putter Grip,24.98999977,40,Accessories
206,http://images.acmesports.sports/Nike+Men%27s+Free+5.0%2B+Running+Shoe,Nike Men's Free 5.0+ Running Shoe,99.98999786,9,Cardio Equipment
207,http://images.acmesports.sports/Perfect+Fitness+Perfect+Rip+Deck,Perfect Fitness Perfect Rip Deck,59.99000168,17,Cleats
208,http://images.acmesports.sports/Perfect+Fitness+Perfect+Rip+Deck,Perfect Fitness Perfect Rip Deck,59.99000168,17,Cleats
209,http://images.acmesports.sports/Perfect+Fitness+Perfect+Rip+Deck,Perfect Fitness Perfect Rip Deck,59.99000168,17,Cleats
210,http://images.acmesports.sports/Perfect+Fitness+Perfect+Rip+Deck,Perfect Fitness Perfect Rip Deck,59.99000168,17,Cleats
211,http://images.acmesports.sports/Perfect+Fitness+Perfect+Rip+Deck,Perfect Fitness Perfect Rip Deck,59.99000168,17,Cleats
212,http://images.acmesports.sports/Nike+Men%27s+Dri-FIT+Victory+Golf+Polo,Nike Men's Dri-FIT Victory Golf Polo,50.0,24,Women's Apparel
213,http://images.acmesports.sports/Nike+Men%27s+Dri-FIT+Victory+Golf+Polo,Nike Men's Dri-FIT Victory Golf Polo,50.0,24,Women's Apparel
214,http://images.acmesports.sports/Under+Armour+Girls%27+Toddler+Spine+Surge+Running+Shoe,Under Armour Girls' Toddler Spine Surge Runni,39.99000168,29,Shop By Sport
215,http://images.acmesports.sports/Under+Armour+Girls%27+Toddler+Spine+Surge+Running+Shoe,Under Armour Girls' Toddler Spine Surge Runni,39.99000168,29,Shop By Sport
216,http://images.acmesports.sports/Nike+Men%27s+Deutschland+Weltmeister+Winners+Black+T-Shirt,Nike Men's Deutschland Weltmeister Winners Bl,30.0,26,Girls' Apparel
217,http://images.acmesports.sports/Nike+Men%27s+Dri-FIT+Victory+Golf+Polo,Nike Men's Dri-FIT Victory Golf Polo,50.0,24,Women's Apparel
218,http://images.acmesports.sports/Nike+Men%27s+Dri-FIT+Victory+Golf+Polo,Nike Men's Dri-FIT Victory Golf Polo,50.0,24,Women's Apparel
219,http://images.acmesports.sports/Nike+Men%27s+Dri-FIT+Victory+Golf+Polo,Nike Men's Dri-FIT Victory Golf Polo,50.0,24,Women's Apparel
220,http://images.acmesports.sports/Team+Golf+St.+Louis+Cardinals+Putter+Grip,Team Golf St. Louis Cardinals Putter Grip,24.98999977,40,Accessories
221,http://images.acmesports.sports/Nike+Men%27s+Free+5.0%2B+Running+Shoe,Nike Men's Free 5.0+ Running Shoe,99.98999786,9,Cardio Equipment
222,http://images.acmesports.sports/Nike+Men%27s+Free+5.0%2B+Running+Shoe,Nike Men's Free 5.0+ Running Shoe,99.98999786,9,Cardio Equipment
223,http://images.acmesports.sports/Nike+Men%27s+Free+5.0%2B+Running+Shoe,Nike Men's Free 5.0+ Running Shoe,99.98999786,9,Cardio Equipment
224,http://images.acmesports.sports/Nike+Men%27s+Free+5.0%2B+Running+Shoe,Nike Men's Free 5.0+ Running Shoe,99.98999786,9,Cardio Equipment
225,http://images.acmesports.sports/Nike+Men%27s+Free+5.0%2B+Running+Shoe,Nike Men's Free 5.0+ Running Shoe,99.98999786,9,Cardio Equipment
226,http://images.acmesports.sports/Nike+Men%27s+Free+5.0%2B+Running+Shoe,Nike Men's Free 5.0+ Running Shoe,99.98999786,9,Cardio Equipment
227,http://images.acmesports.sports/Nike+Men%27s+Free+5.0%2B+Running+Shoe,Nike Men's Free 5.0+ Running Shoe,99.98999786,9,Cardio Equipment
228,http://images.acmesports.sports/Nike+Men%27s+Free+5.0%2B+Running+Shoe,Nike Men's Free 5.0+ Running Shoe,99.98999786,9,Cardio Equipment
229,http://images.acmesports.sports/Nike+Men%27s+CJ+Elite+2+TD+Football+Cleat,Nike Men's CJ Elite 2 TD Football Cleat,129.9900055,18,Men's Footwear
230,http://images.acmesports.sports/Nike+Men%27s+CJ+Elite+2+TD+Football+Cleat,Nike Men's CJ Elite 2 TD Football Cleat,129.9900055,18,Men's Footwear
231,http://images.acmesports.sports/Perfect+Fitness+Perfect+Rip+Deck,Perfect Fitness Perfect Rip Deck,59.99000168,17,Cleats
232,http://images.acmesports.sports/Nike+Men%27s+CJ+Elite+2+TD+Football+Cleat,Nike Men's CJ Elite 2 TD Football Cleat,129.9900055,18,Men's Footwear
233,http://images.acmesports.sports/Nike+Men%27s+CJ+Elite+2+TD+Football+Cleat,Nike Men's CJ Elite 2 TD Football Cleat,129.9900055,18,Men's Footwear
234,http://images.acmesports.sports/Nike+Men%27s+CJ+Elite+2+TD+Football+Cleat,Nike Men's CJ Elite 2 TD Football Cleat,129.9900055,18,Men's Footwear
235,http://images.acmesports.sports/Summer+dresses,Summer dresses,215.8200073,76,Women's Clothing
236,http://images.acmesports.sports/Nike+Men%27s+CJ+Elite+2+TD+Football+Cleat,Nike Men's CJ Elite 2 TD Football Cleat,129.9900055,18,Men's Footwear
237,http://images.acmesports.sports/Nike+Men%27s+CJ+Elite+2+TD+Football+Cleat,Nike Men's CJ Elite 2 TD Football Cleat,129.9900055,18,Men's Footwear
238,http://images.acmesports.sports/Nike+Men%27s+CJ+Elite+2+TD+Football+Cleat,Nike Men's CJ Elite 2 TD Football Cleat,129.9900055,18,Men's Footwear
239,http://images.acmesports.sports/Nike+Men%27s+CJ+Elite+2+TD+Football+Cleat,Nike Men's CJ Elite 2 TD Football Cleat,129.9900055,18,Men's Footwear
240,http://images.acmesports.sports/Perfect+Fitness+Perfect+Rip+Deck,Perfect Fitness Perfect Rip Deck,59.99000168,17,Cleats
241,http://images.acmesports.sports/Nike+Men%27s+CJ+Elite+2+TD+Football+Cleat,Nike Men's CJ Elite 2 TD Football Cleat,129.9900055,18,Men's Footwear
242,http://images.acmesports.sports/Nike+Men%27s+CJ+Elite+2+TD+Football+Cleat,Nike Men's CJ Elite 2 TD Football Cleat,129.9900055,18,Men's Footwear
243,http://images.acmesports.sports/Nike+Men%27s+CJ+Elite+2+TD+Football+Cleat,Nike Men's CJ Elite 2 TD Football Cleat,129.9900055,18,Men's Footwear
244,http://images.acmesports.sports/Porcelain+crafts,Porcelain crafts,461.480011,66,Crafts
245,http://images.acmesports.sports/Nike+Men%27s+CJ+Elite+2+TD+Football+Cleat,Nike Men's CJ Elite 2 TD Football Cleat,129.9900055,18,Men's Footwear
246,http://images.acmesports.sports/Perfect+Fitness+Perfect+Rip+Deck,Perfect Fitness Perfect Rip Deck,59.99000168,17,Cleats
247,http://images.acmesports.sports/Nike+Men%27s+CJ+Elite+2+TD+Football+Cleat,Nike Men's CJ Elite 2 TD Football Cleat,129.9900055,18,Men's Footwear
248,http://images.acmesports.sports/Nike+Men%27s+CJ+Elite+2+TD+Football+Cleat,Nike Men's CJ Elite 2 TD Football Cleat,129.9900055,18,Men's Footwear
249,http://images.acmesports.sports/Nike+Men%27s+CJ+Elite+2+TD+Football+Cleat,Nike Men's CJ Elite 2 TD Football Cleat,129.9900055,18,Men's Footwear
250,http://images.acmesports.sports/Nike+Men%27s+CJ+Elite+2+TD+Football+Cleat,Nike Men's CJ Elite 2 TD Football Cleat,129.9900055,18,Men's Footwear
251,http://images.acmesports.sports/Nike+Men%27s+CJ+Elite+2+TD+Football+Cleat,Nike Men's CJ Elite 2 TD Football Cleat,129.9900055,18,Men's Footwear
252,http://images.acmesports.sports/Nike+Men%27s+CJ+Elite+2+TD+Football+Cleat,Nike Men's CJ Elite 2 TD Football Cleat,129.9900055,18,Men's Footwear
253,http://images.acmesports.sports/Nike+Men%27s+CJ+Elite+2+TD+Football+Cleat,Nike Men's CJ Elite 2 TD Football Cleat,129.9900055,18,Men's Footwear
254,http://images.acmesports.sports/Nike+Men%27s+CJ+Elite+2+TD+Football+Cleat,Nike Men's CJ Elite 2 TD Football Cleat,129.9900055,18,Men's Footwear
255,http://images.acmesports.sports/Nike+Men%27s+CJ+Elite+2+TD+Football+Cleat,Nike Men's CJ Elite 2 TD Football Cleat,129.9900055,18,Men's Footwear
256,http://images.acmesports.sports/Nike+Men%27s+CJ+Elite+2+TD+Football+Cleat,Nike Men's CJ Elite 2 TD Football Cleat,129.9900055,18,Men's Footwear
257,http://images.acmesports.sports/Nike+Men%27s+CJ+Elite+2+TD+Football+Cleat,Nike Men's CJ Elite 2 TD Football Cleat,129.9900055,18,Men's Footwear
258,http://images.acmesports.sports/Summer+dresses,Summer dresses,215.8200073,76,Women's Clothing
259,http://images.acmesports.sports/Perfect+Fitness+Perfect+Rip+Deck,Perfect Fitness Perfect Rip Deck,59.99000168,17,Cleats
260,http://images.acmesports.sports/Nike+Men%27s+CJ+Elite+2+TD+Football+Cleat,Nike Men's CJ Elite 2 TD Football Cleat,129.9900055,18,Men's Footwear
261,http://images.acmesports.sports/Nike+Men%27s+CJ+Elite+2+TD+Football+Cleat,Nike Men's CJ Elite 2 TD Football Cleat,129.9900055,18,Men's Footwear
262,http://images.acmesports.sports/Summer+dresses,Summer dresses,215.8200073,76,Women's Clothing
263,http://images.acmesports.sports/Nike+Men%27s+CJ+Elite+2+TD+Football+Cleat,Nike Men's CJ Elite 2 TD Football Cleat,129.9900055,18,Men's Footwear
264,http://images.acmesports.sports/Nike+Men%27s+CJ+Elite+2+TD+Football+Cleat,Nike Men's CJ Elite 2 TD Football Cleat,129.9900055,18,Men's Footwear
265,http://images.acmesports.sports/Summer+dresses,Summer dresses,215.8200073,76,Women's Clothing
266,http://images.acmesports.sports/Porcelain+crafts,Porcelain crafts,461.480011,66,Crafts
267,http://images.acmesports.sports/Nike+Men%27s+CJ+Elite+2+TD+Football+Cleat,Nike Men's CJ Elite 2 TD Football Cleat,129.9900055,18,Men's Footwear
268,http://images.acmesports.sports/Summer+dresses,Summer dresses,215.8200073,76,Women's Clothing
269,http://images.acmesports.sports/Nike+Men%27s+CJ+Elite+2+TD+Football+Cleat,Nike Men's CJ Elite 2 TD Football Cleat,129.9900055,18,Men's Footwear
270,http://images.acmesports.sports/Nike+Men%27s+CJ+Elite+2+TD+Football+Cleat,Nike Men's CJ Elite 2 TD Football Cleat,129.9900055,18,Men's Footwear
271,http://images.acmesports.sports/Nike+Men%27s+CJ+Elite+2+TD+Football+Cleat,Nike Men's CJ Elite 2 TD Football Cleat,129.9900055,18,Men's Footwear
272,http://images.acmesports.sports/Perfect+Fitness+Perfect+Rip+Deck,Perfect Fitness Perfect Rip Deck,59.99000168,17,Cleats
273,http://images.acmesports.sports/Men+gala+suit,Men's gala suit,210.8500061,70,Men's Clothing
274,http://images.acmesports.sports/Nike+Men%27s+Dri-FIT+Victory+Golf+Polo,Nike Men's Dri-FIT Victory Golf Polo,50.0,24,Women's Apparel
275,http://images.acmesports.sports/Nike+Men%27s+Dri-FIT+Victory+Golf+Polo,Nike Men's Dri-FIT Victory Golf Polo,50.0,24,Women's Apparel
276,http://images.acmesports.sports/Under+Armour+Girls%27+Toddler+Spine+Surge+Running+Shoe,Under Armour Girls' Toddler Spine Surge Runni,39.99000168,29,Shop By Sport
277,http://images.acmesports.sports/Under+Armour+Girls%27+Toddler+Spine+Surge+Running+Shoe,Under Armour Girls' Toddler Spine Surge Runni,39.99000168,29,Shop By Sport
278,http://images.acmesports.sports/Nike+Men%27s+Dri-FIT+Victory+Golf+Polo,Nike Men's Dri-FIT Victory Golf Polo,50.0,24,Women's Apparel
279,http://images.acmesports.sports/Nike+Men%27s+Dri-FIT+Victory+Golf+Polo,Nike Men's Dri-FIT Victory Golf Polo,50.0,24,Women's Apparel
280,http://images.acmesports.sports/Nike+Men%27s+Dri-FIT+Victory+Golf+Polo,Nike Men's Dri-FIT Victory Golf Polo,50.0,24,Women's Apparel
281,http://images.acmesports.sports/Nike+Men%27s+Dri-FIT+Victory+Golf+Polo,Nike Men's Dri-FIT Victory Golf Polo,50.0,24,Women's Apparel
282,http://images.acmesports.sports/Nike+Men%27s+Dri-FIT+Victory+Golf+Polo,Nike Men's Dri-FIT Victory Golf Polo,50.0,24,Women's Apparel
283,http://images.acmesports.sports/Nike+Men%27s+Dri-FIT+Victory+Golf+Polo,Nike Men's Dri-FIT Victory Golf Polo,50.0,24,Women's Apparel
284,http://images.acmesports.sports/Nike+Men%27s+Dri-FIT+Victory+Golf+Polo,Nike Men's Dri-FIT Victory Golf Polo,50.0,24,Women's Apparel
285,http://images.acmesports.sports/Nike+Men%27s+Dri-FIT+Victory+Golf+Polo,Nike Men's Dri-FIT Victory Golf Polo,50.0,24,Women's Apparel
286,http://images.acmesports.sports/Under+Armour+Girls%27+Toddler+Spine+Surge+Running+Shoe,Under Armour Girls' Toddler Spine Surge Runni,39.99000168,29,Shop By Sport
287,http://images.acmesports.sports/Nike+Men%27s+Dri-FIT+Victory+Golf+Polo,Nike Men's Dri-FIT Victory Golf Polo,50.0,24,Women's Apparel
288,http://images.acmesports.sports/Team+Golf+Tennessee+Volunteers+Putter+Grip,Team Golf Tennessee Volunteers Putter Grip,24.98999977,40,Accessories
289,http://images.acmesports.sports/Team+Golf+St.+Louis+Cardinals+Putter+Grip,Team Golf St. Louis Cardinals Putter Grip,24.98999977,40,Accessories
290,http://images.acmesports.sports/Team+Golf+San+Francisco+Giants+Putter+Grip,Team Golf San Francisco Giants Putter Grip,24.98999977,40,Accessories
291,http://images.acmesports.sports/Glove+It+Imperial+Golf+Towel,Glove It Imperial Golf Towel,15.98999977,41,Trade-In
292,http://images.acmesports.sports/Glove+It+Urban+Brick+Golf+Towel,Glove It Urban Brick Golf Towel,15.98999977,41,Trade-In
293,http://images.acmesports.sports/Bridgestone+e6+Straight+Distance+NFL+Tennessee+Titans+Golf...,Bridgestone e6 Straight Distance NFL Tennesse,31.98999977,37,Electronics
294,http://images.acmesports.sports/ENO+Atlas+Hammock+Straps,ENO Atlas Hammock Straps,29.98999977,44,Hunting & Shooting
295,http://images.acmesports.sports/Nike+Men%27s+Comfort+2+Slide,Nike Men's Comfort 2 Slide,44.99000168,6,Tennis & Racquet
296,http://images.acmesports.sports/Nike+Men%27s+Free+5.0%2B+Running+Shoe,Nike Men's Free 5.0+ Running Shoe,99.98999786,9,Cardio Equipment
297,http://images.acmesports.sports/Perfect+Fitness+Perfect+Rip+Deck,Perfect Fitness Perfect Rip Deck,59.99000168,17,Cleats
298,http://images.acmesports.sports/Under+Armour+Girls%27+Toddler+Spine+Surge+Running+Shoe,Under Armour Girls' Toddler Spine Surge Runni,39.99000168,29,Shop By Sport
299,http://images.acmesports.sports/Nike+Men%27s+Dri-FIT+Victory+Golf+Polo,Nike Men's Dri-FIT Victory Golf Polo,50.0,24,Women's Apparel
300,http://images.acmesports.sports/Titleist+Pro+V1x+Golf+Balls,Titleist Pro V1x Golf Balls,47.99000168,37,Electronics
301,http://images.acmesports.sports/adidas+Men%27s+F10+Messi+TRX+FG+Soccer+Cleat,adidas Men's F10 Messi TRX FG Soccer Cleat,59.99000168,3,Baseball & Softball
302,http://images.acmesports.sports/Under+Armour+Hustle+Storm+Medium+Duffle+Bag,Under Armour Hustle Storm Medium Duffle Bag,34.99000168,11,Fitness Accessories
303,http://images.acmesports.sports/Nike+Men%27s+Free+5.0%2B+Running+Shoe,Nike Men's Free 5.0+ Running Shoe,99.98999786,9,Cardio Equipment
304,http://images.acmesports.sports/Under+Armour+Kids%27+Mercenary+Slide,Under Armour Kids' Mercenary Slide,27.98999977,13,Electronics
305,http://images.acmesports.sports/Nike+Men%27s+Free+5.0%2B+Running+Shoe,Nike Men's Free 5.0+ Running Shoe,99.98999786,9,Cardio Equipment
306,http://images.acmesports.sports/Nike+Men%27s+Free+5.0%2B+Running+Shoe,Nike Men's Free 5.0+ Running Shoe,99.98999786,9,Cardio Equipment
307,http://images.acmesports.sports/Nike+Men%27s+Free+5.0%2B+Running+Shoe,Nike Men's Free 5.0+ Running Shoe,99.98999786,9,Cardio Equipment
308,http://images.acmesports.sports/Nike+Men%27s+Free+5.0%2B+Running+Shoe,Nike Men's Free 5.0+ Running Shoe,99.98999786,9,Cardio Equipment
309,http://images.acmesports.sports/Under+Armour+Women%27s+Ignite+PIP+VI+Slide,Under Armour Women's Ignite PIP VI Slide,31.98999977,13,Electronics
310,http://images.acmesports.sports/Nike+Men%27s+Free+5.0%2B+Running+Shoe,Nike Men's Free 5.0+ Running Shoe,99.98999786,9,Cardio Equipment
311,http://images.acmesports.sports/Nike+Men%27s+Free+5.0%2B+Running+Shoe,Nike Men's Free 5.0+ Running Shoe,99.98999786,9,Cardio Equipment
312,http://images.acmesports.sports/Nike+Men%27s+Free+5.0%2B+Running+Shoe,Nike Men's Free 5.0+ Running Shoe,99.98999786,9,Cardio Equipment
313,http://images.acmesports.sports/Nike+Men%27s+Free+5.0%2B+Running+Shoe,Nike Men's Free 5.0+ Running Shoe,99.98999786,9,Cardio Equipment
314,http://images.acmesports.sports/Nike+Men%27s+Free+5.0%2B+Running+Shoe,Nike Men's Free 5.0+ Running Shoe,99.98999786,9,Cardio Equipment
315,http://images.acmesports.sports/Under+Armour+Hustle+Storm+Medium+Duffle+Bag,Under Armour Hustle Storm Medium Duffle Bag,34.99000168,11,Fitness Accessories
316,http://images.acmesports.sports/Under+Armour+Hustle+Storm+Medium+Duffle+Bag,Under Armour Hustle Storm Medium Duffle Bag,34.99000168,11,Fitness Accessories
317,http://images.acmesports.sports/Nike+Men%27s+Free+TR+5.0+TB+Training+Shoe,Nike Men's Free TR 5.0 TB Training Shoe,99.98999786,16,As Seen on  TV!
318,http://images.acmesports.sports/Nike+Men%27s+Free+5.0%2B+Running+Shoe,Nike Men's Free 5.0+ Running Shoe,99.98999786,9,Cardio Equipment
319,http://images.acmesports.sports/Perfect+Fitness+Perfect+Rip+Deck,Perfect Fitness Perfect Rip Deck,59.99000168,17,Cleats
320,http://images.acmesports.sports/Perfect+Fitness+Perfect+Rip+Deck,Perfect Fitness Perfect Rip Deck,59.99000168,17,Cleats
321,http://images.acmesports.sports/Perfect+Fitness+Perfect+Rip+Deck,Perfect Fitness Perfect Rip Deck,59.99000168,17,Cleats
322,http://images.acmesports.sports/Perfect+Fitness+Perfect+Rip+Deck,Perfect Fitness Perfect Rip Deck,59.99000168,17,Cleats
323,http://images.acmesports.sports/Perfect+Fitness+Perfect+Rip+Deck,Perfect Fitness Perfect Rip Deck,59.99000168,17,Cleats
324,http://images.acmesports.sports/Nike+Men%27s+Dri-FIT+Victory+Golf+Polo,Nike Men's Dri-FIT Victory Golf Polo,50.0,24,Women's Apparel
325,http://images.acmesports.sports/Nike+Men%27s+Dri-FIT+Victory+Golf+Polo,Nike Men's Dri-FIT Victory Golf Polo,50.0,24,Women's Apparel
326,http://images.acmesports.sports/Nike+Men%27s+Dri-FIT+Victory+Golf+Polo,Nike Men's Dri-FIT Victory Golf Polo,50.0,24,Women's Apparel
327,http://images.acmesports.sports/Under+Armour+Girls%27+Toddler+Spine+Surge+Running+Shoe,Under Armour Girls' Toddler Spine Surge Runni,39.99000168,29,Shop By Sport
328,http://images.acmesports.sports/Nike+Men%27s+Dri-FIT+Victory+Golf+Polo,Nike Men's Dri-FIT Victory Golf Polo,50.0,24,Women's Apparel
329,http://images.acmesports.sports/Nike+Men%27s+Dri-FIT+Victory+Golf+Polo,Nike Men's Dri-FIT Victory Golf Polo,50.0,24,Women's Apparel
330,http://images.acmesports.sports/Under+Armour+Girls%27+Toddler+Spine+Surge+Running+Shoe,Under Armour Girls' Toddler Spine Surge Runni,39.99000168,29,Shop By Sport
331,http://images.acmesports.sports/Under+Armour+Girls%27+Toddler+Spine+Surge+Running+Shoe,Under Armour Girls' Toddler Spine Surge Runni,39.99000168,29,Shop By Sport
332,http://images.acmesports.sports/Under+Armour+Girls%27+Toddler+Spine+Surge+Running+Shoe,Under Armour Girls' Toddler Spine Surge Runni,39.99000168,29,Shop By Sport
333,http://images.acmesports.sports/Nike+Men%27s+Dri-FIT+Victory+Golf+Polo,Nike Men's Dri-FIT Victory Golf Polo,50.0,24,Women's Apparel
334,http://images.acmesports.sports/adidas+Youth+Germany+Black%2FRed+Away+Match+Soccer+Jersey,adidas Youth Germany Black/Red Away Match Soc,70.0,26,Girls' Apparel
335,http://images.acmesports.sports/adidas+Men%27s+Germany+Black+Crest+Away+Tee,adidas Men's Germany Black Crest Away Tee,25.0,26,Girls' Apparel
336,http://images.acmesports.sports/Nike+Men%27s+Dri-FIT+Victory+Golf+Polo,Nike Men's Dri-FIT Victory Golf Polo,50.0,24,Women's Apparel
337,http://images.acmesports.sports/Nike+Men%27s+Dri-FIT+Victory+Golf+Polo,Nike Men's Dri-FIT Victory Golf Polo,50.0,24,Women's Apparel
338,http://images.acmesports.sports/Under+Armour+Girls%27+Toddler+Spine+Surge+Running+Shoe,Under Armour Girls' Toddler Spine Surge Runni,39.99000168,29,Shop By Sport
339,http://images.acmesports.sports/Under+Armour+Girls%27+Toddler+Spine+Surge+Running+Shoe,Under Armour Girls' Toddler Spine Surge Runni,39.99000168,29,Shop By Sport
340,http://images.acmesports.sports/Under+Armour+Girls%27+Toddler+Spine+Surge+Running+Shoe,Under Armour Girls' Toddler Spine Surge Runni,39.99000168,29,Shop By Sport
341,http://images.acmesports.sports/Nike+Men%27s+Dri-FIT+Victory+Golf+Polo,Nike Men's Dri-FIT Victory Golf Polo,50.0,24,Women's Apparel
342,http://images.acmesports.sports/Under+Armour+Girls%27+Toddler+Spine+Surge+Running+Shoe,Under Armour Girls' Toddler Spine Surge Runni,39.99000168,29,Shop By Sport
343,http://images.acmesports.sports/Nike+Men%27s+Dri-FIT+Victory+Golf+Polo,Nike Men's Dri-FIT Victory Golf Polo,50.0,24,Women's Apparel
344,http://images.acmesports.sports/Nike+Men%27s+Dri-FIT+Victory+Golf+Polo,Nike Men's Dri-FIT Victory Golf Polo,50.0,24,Women's Apparel
345,http://images.acmesports.sports/Under+Armour+Girls%27+Toddler+Spine+Surge+Running+Shoe,Under Armour Girls' Toddler Spine Surge Runni,39.99000168,29,Shop By Sport
346,http://images.acmesports.sports/Nike+Men%27s+Dri-FIT+Victory+Golf+Polo,Nike Men's Dri-FIT Victory Golf Polo,50.0,24,Women's Apparel
347,http://images.acmesports.sports/Nike+Men%27s+Dri-FIT+Victory+Golf+Polo,Nike Men's Dri-FIT Victory Golf Polo,50.0,24,Women's Apparel
348,http://images.acmesports.sports/Nike+Men%27s+Dri-FIT+Victory+Golf+Polo,Nike Men's Dri-FIT Victory Golf Polo,50.0,24,Women's Apparel
349,http://images.acmesports.sports/Under+Armour+Girls%27+Toddler+Spine+Surge+Running+Shoe,Under Armour Girls' Toddler Spine Surge Runni,39.99000168,29,Shop By Sport
350,http://images.acmesports.sports/TYR+Boys%27+Team+Digi+Jammer,TYR Boys' Team Digi Jammer,39.99000168,26,Girls' Apparel
351,http://images.acmesports.sports/Under+Armour+Girls%27+Toddler+Spine+Surge+Running+Shoe,Under Armour Girls' Toddler Spine Surge Runni,39.99000168,29,Shop By Sport
352,http://images.acmesports.sports/Under+Armour+Girls%27+Toddler+Spine+Surge+Running+Shoe,Under Armour Girls' Toddler Spine Surge Runni,39.99000168,29,Shop By Sport
353,http://images.acmesports.sports/Nike+Men%27s+Dri-FIT+Victory+Golf+Polo,Nike Men's Dri-FIT Victory Golf Polo,50.0,24,Women's Apparel
354,http://images.acmesports.sports/Nike+Men%27s+Dri-FIT+Victory+Golf+Polo,Nike Men's Dri-FIT Victory Golf Polo,50.0,24,Women's Apparel
355,http://images.acmesports.sports/Nike+Men%27s+Dri-FIT+Victory+Golf+Polo,Nike Men's Dri-FIT Victory Golf Polo,50.0,24,Women's Apparel
356,http://images.acmesports.sports/Under+Armour+Girls%27+Toddler+Spine+Surge+Running+Shoe,Under Armour Girls' Toddler Spine Surge Runni,39.99000168,29,Shop By Sport
357,http://images.acmesports.sports/Under+Armour+Girls%27+Toddler+Spine+Surge+Running+Shoe,Under Armour Girls' Toddler Spine Surge Runni,39.99000168,29,Shop By Sport
358,http://images.acmesports.sports/Nike+Men%27s+Dri-FIT+Victory+Golf+Polo,Nike Men's Dri-FIT Victory Golf Polo,50.0,24,Women's Apparel
359,http://images.acmesports.sports/Bridgestone+e6+Straight+Distance+NFL+Tennessee+Titans+Golf...,Bridgestone e6 Straight Distance NFL Tennesse,31.98999977,37,Electronics
360,http://images.acmesports.sports/Team+Golf+Texas+Longhorns+Putter+Grip,Team Golf Texas Longhorns Putter Grip,24.98999977,40,Accessories
361,http://images.acmesports.sports/Glove+It+Women%27s+Imperial+Golf+Glove,Glove It Women's Imperial Golf Glove,19.98999977,36,Golf Balls
362,http://images.acmesports.sports/Titleist+Pro+V1x+High+Numbers+Golf+Balls,Titleist Pro V1x High Numbers Golf Balls,47.99000168,37,Electronics
363,http://images.acmesports.sports/Smart+watch ,Smart watch ,327.75,73,Sporting Goods
364,http://images.acmesports.sports/Smart+watch ,Smart watch ,327.75,73,Sporting Goods
365,http://images.acmesports.sports/Smart+watch ,Smart watch ,327.75,73,Sporting Goods
366,http://images.acmesports.sports/Smart+watch ,Smart watch ,327.75,73,Sporting Goods
367,http://images.acmesports.sports/Smart+watch ,Smart watch ,327.75,73,Sporting Goods
368,http://images.acmesports.sports/Smart+watch ,Smart watch ,327.75,73,Sporting Goods
369,http://images.acmesports.sports/Smart+watch ,Smart watch ,327.75,73,Sporting Goods
370,http://images.acmesports.sports/Smart+watch ,Smart watch ,327.75,73,Sporting Goods
371,http://images.acmesports.sports/Smart+watch ,Smart watch ,327.75,73,Sporting Goods
372,http://images.acmesports.sports/Smart+watch ,Smart watch ,327.75,73,Sporting Goods
373,http://images.acmesports.sports/Smart+watch ,Smart watch ,327.75,73,Sporting Goods
374,http://images.acmesports.sports/Smart+watch ,Smart watch ,327.75,73,Sporting Goods
375,http://images.acmesports.sports/Smart+watch ,Smart watch ,327.75,73,Sporting Goods
376,http://images.acmesports.sports/Smart+watch ,Smart watch ,327.75,73,Sporting Goods
377,http://images.acmesports.sports/Smart+watch ,Smart watch ,327.75,73,Sporting Goods
378,http://images.acmesports.sports/Smart+watch ,Smart watch ,327.75,73,Sporting Goods
379,http://images.acmesports.sports/Smart+watch ,Smart watch ,327.75,73,Sporting Goods
380,http://images.acmesports.sports/Smart+watch ,Smart watch ,327.75,73,Sporting Goods
381,http://images.acmesports.sports/Smart+watch ,Smart watch ,327.75,73,Sporting Goods
382,http://images.acmesports.sports/Smart+watch ,Smart watch ,327.75,73,Sporting Goods
383,http://images.acmesports.sports/Smart+watch ,Smart watch ,327.75,73,Sporting Goods
384,http://images.acmesports.sports/Smart+watch ,Smart watch ,327.75,73,Sporting Goods
385,http://images.acmesports.sports/Smart+watch ,Smart watch ,327.75,73,Sporting Goods
386,http://images.acmesports.sports/Smart+watch ,Smart watch ,327.75,73,Sporting Goods
387,http://images.acmesports.sports/Smart+watch ,Smart watch ,327.75,73,Sporting Goods
388,http://images.acmesports.sports/Smart+watch ,Smart watch ,327.75,73,Sporting Goods
389,http://images.acmesports.sports/Smart+watch ,Smart watch ,327.75,73,Sporting Goods
390,http://images.acmesports.sports/Smart+watch ,Smart watch ,327.75,73,Sporting Goods
391,http://images.acmesports.sports/Smart+watch ,Smart watch ,327.75,73,Sporting Goods
392,http://images.acmesports.sports/Smart+watch ,Smart watch ,327.75,73,Sporting Goods
393,http://images.acmesports.sports/Smart+watch ,Smart watch ,327.75,73,Sporting Goods
394,http://images.acmesports.sports/Smart+watch ,Smart watch ,327.75,73,Sporting Goods
395,http://images.acmesports.sports/Smart+watch ,Smart watch ,327.75,73,Sporting Goods
396,http://images.acmesports.sports/Smart+watch ,Smart watch ,327.75,73,Sporting Goods
397,http://images.acmesports.sports/Smart+watch ,Smart watch ,327.75,73,Sporting Goods
398,http://images.acmesports.sports/Smart+watch ,Smart watch ,327.75,73,Sporting Goods
399,http://images.acmesports.sports/Smart+watch ,Smart watch ,327.75,73,Sporting Goods
400,http://images.acmesports.sports/Smart+watch ,Smart watch ,327.75,73,Sporting Goods
401,http://images.acmesports.sports/Smart+watch ,Smart watch ,327.75,73,Sporting Goods
402,http://images.acmesports.sports/Smart+watch ,Smart watch ,327.75,73,Sporting Goods
403,http://images.acmesports.sports/Smart+watch ,Smart watch ,327.75,73,Sporting Goods
404,http://images.acmesports.sports/Smart+watch ,Smart watch ,327.75,73,Sporting Goods
405,http://images.acmesports.sports/Smart+watch ,Smart watch ,327.75,73,Sporting Goods
406,http://images.acmesports.sports/Smart+watch ,Smart watch ,327.75,73,Sporting Goods
407,http://images.acmesports.sports/Smart+watch ,Smart watch ,327.75,73,Sporting Goods
408,http://images.acmesports.sports/Smart+watch ,Smart watch ,327.75,73,Sporting Goods
409,http://images.acmesports.sports/Smart+watch ,Smart watch ,327.75,73,Sporting Goods
410,http://images.acmesports.sports/Smart+watch ,Smart watch ,327.75,73,Sporting Goods
411,http://images.acmesports.sports/Smart+watch ,Smart watch ,327.75,73,Sporting Goods
412,http://images.acmesports.sports/Smart+watch ,Smart watch ,327.75,73,Sporting Goods
413,http://images.acmesports.sports/Smart+watch ,Smart watch ,327.75,73,Sporting Goods
414,http://images.acmesports.sports/Smart+watch ,Smart watch ,327.75,73,Sporting Goods
415,http://images.acmesports.sports/Smart+watch ,Smart watch ,327.75,73,Sporting Goods
416,http://images.acmesports.sports/Smart+watch ,Smart watch ,327.75,73,Sporting Goods
417,http://images.acmesports.sports/Smart+watch ,Smart watch ,327.75,73,Sporting Goods
418,http://images.acmesports.sports/Smart+watch ,Smart watch ,327.75,73,Sporting Goods
419,http://images.acmesports.sports/Smart+watch ,Smart watch ,327.75,73,Sporting Goods
420,http://images.acmesports.sports/Smart+watch ,Smart watch ,327.75,73,Sporting Goods
421,http://images.acmesports.sports/Smart+watch ,Smart watch ,327.75,73,Sporting Goods
422,http://images.acmesports.sports/Smart+watch ,Smart watch ,327.75,73,Sporting Goods
423,http://images.acmesports.sports/Smart+watch ,Smart watch ,327.75,73,Sporting Goods
424,http://images.acmesports.sports/Smart+watch ,Smart watch ,327.75,73,Sporting Goods
425,http://images.acmesports.sports/Smart+watch ,Smart watch ,327.75,73,Sporting Goods
426,http://images.acmesports.sports/Smart+watch ,Smart watch ,327.75,73,Sporting Goods
427,http://images.acmesports.sports/Smart+watch ,Smart watch ,327.75,73,Sporting Goods
428,http://images.acmesports.sports/Smart+watch ,Smart watch ,327.75,73,Sporting Goods
429,http://images.acmesports.sports/Smart+watch ,Smart watch ,327.75,73,Sporting Goods
430,http://images.acmesports.sports/Smart+watch ,Smart watch ,327.75,73,Sporting Goods
431,http://images.acmesports.sports/Smart+watch ,Smart watch ,327.75,73,Sporting Goods
432,http://images.acmesports.sports/Smart+watch ,Smart watch ,327.75,73,Sporting Goods
433,http://images.acmesports.sports/Smart+watch ,Smart watch ,327.75,73,Sporting Goods
434,http://images.acmesports.sports/Smart+watch ,Smart watch ,327.75,73,Sporting Goods
435,http://images.acmesports.sports/Smart+watch ,Smart watch ,327.75,73,Sporting Goods
436,http://images.acmesports.sports/Smart+watch ,Smart watch ,327.75,73,Sporting Goods
437,http://images.acmesports.sports/Smart+watch ,Smart watch ,327.75,73,Sporting Goods
438,http://images.acmesports.sports/Smart+watch ,Smart watch ,327.75,73,Sporting Goods
439,http://images.acmesports.sports/Smart+watch ,Smart watch ,327.75,73,Sporting Goods
440,http://images.acmesports.sports/Smart+watch ,Smart watch ,327.75,73,Sporting Goods
441,http://images.acmesports.sports/Smart+watch ,Smart watch ,327.75,73,Sporting Goods
442,http://images.acmesports.sports/Smart+watch ,Smart watch ,327.75,73,Sporting Goods
443,http://images.acmesports.sports/Smart+watch ,Smart watch ,327.75,73,Sporting Goods
444,http://images.acmesports.sports/Smart+watch ,Smart watch ,327.75,73,Sporting Goods
445,http://images.acmesports.sports/Smart+watch ,Smart watch ,327.75,73,Sporting Goods
446,http://images.acmesports.sports/Smart+watch ,Smart watch ,327.75,73,Sporting Goods
447,http://images.acmesports.sports/Smart+watch ,Smart watch ,327.75,73,Sporting Goods
448,http://images.acmesports.sports/Smart+watch ,Smart watch ,327.75,73,Sporting Goods
449,http://images.acmesports.sports/Smart+watch ,Smart watch ,327.75,73,Sporting Goods
450,http://images.acmesports.sports/Smart+watch ,Smart watch ,327.75,73,Sporting Goods
451,http://images.acmesports.sports/Smart+watch ,Smart watch ,327.75,73,Sporting Goods
452,http://images.acmesports.sports/Smart+watch ,Smart watch ,327.75,73,Sporting Goods
453,http://images.acmesports.sports/Smart+watch ,Smart watch ,327.75,73,Sporting Goods
454,http://images.acmesports.sports/Smart+watch ,Smart watch ,327.75,73,Sporting Goods
455,http://images.acmesports.sports/Smart+watch ,Smart watch ,327.75,73,Sporting Goods
456,http://images.acmesports.sports/Smart+watch ,Smart watch ,327.75,73,Sporting Goods
457,http://images.acmesports.sports/Smart+watch ,Smart watch ,327.75,73,Sporting Goods
458,http://images.acmesports.sports/Smart+watch ,Smart watch ,327.75,73,Sporting Goods
459,http://images.acmesports.sports/Nike+Men%27s+Dri-FIT+Victory+Golf+Polo,Nike Men's Dri-FIT Victory Golf Polo,50.0,24,Women's Apparel
460,http://images.acmesports.sports/Nike+Men%27s+Dri-FIT+Victory+Golf+Polo,Nike Men's Dri-FIT Victory Golf Polo,50.0,24,Women's Apparel
461,http://images.acmesports.sports/Nike+Men%27s+Free+5.0%2B+Running+Shoe,Nike Men's Free 5.0+ Running Shoe,99.98999786,9,Cardio Equipment
462,http://images.acmesports.sports/Under+Armour+Girls%27+Toddler+Spine+Surge+Running+Shoe,Under Armour Girls' Toddler Spine Surge Runni,39.99000168,29,Shop By Sport
463,http://images.acmesports.sports/Nike+Men%27s+Free+5.0%2B+Running+Shoe,Nike Men's Free 5.0+ Running Shoe,99.98999786,9,Cardio Equipment
464,http://images.acmesports.sports/Perfect+Fitness+Perfect+Rip+Deck,Perfect Fitness Perfect Rip Deck,59.99000168,17,Cleats
465,http://images.acmesports.sports/Perfect+Fitness+Perfect+Rip+Deck,Perfect Fitness Perfect Rip Deck,59.99000168,17,Cleats
466,http://images.acmesports.sports/Perfect+Fitness+Perfect+Rip+Deck,Perfect Fitness Perfect Rip Deck,59.99000168,17,Cleats
467,http://images.acmesports.sports/Perfect+Fitness+Perfect+Rip+Deck,Perfect Fitness Perfect Rip Deck,59.99000168,17,Cleats
468,http://images.acmesports.sports/Perfect+Fitness+Perfect+Rip+Deck,Perfect Fitness Perfect Rip Deck,59.99000168,17,Cleats
469,http://images.acmesports.sports/Nike+Men%27s+Dri-FIT+Victory+Golf+Polo,Nike Men's Dri-FIT Victory Golf Polo,50.0,24,Women's Apparel
470,http://images.acmesports.sports/Under+Armour+Girls%27+Toddler+Spine+Surge+Running+Shoe,Under Armour Girls' Toddler Spine Surge Runni,39.99000168,29,Shop By Sport
471,http://images.acmesports.sports/Glove+It+Women%27s+Mod+Oval+3-Zip+Carry+All+Golf+Bag,Glove It Women's Mod Oval 3-Zip Carry All Gol,21.98999977,41,Trade-In
472,http://images.acmesports.sports/Glove+It+Urban+Brick+Golf+Towel,Glove It Urban Brick Golf Towel,15.98999977,41,Trade-In
473,http://images.acmesports.sports/Perfect+Fitness+Perfect+Rip+Deck,Perfect Fitness Perfect Rip Deck,59.99000168,17,Cleats
474,http://images.acmesports.sports/Nike+Men%27s+Comfort+2+Slide,Nike Men's Comfort 2 Slide,44.99000168,6,Tennis & Racquet
475,http://images.acmesports.sports/Nike+Men%27s+Free+5.0%2B+Running+Shoe,Nike Men's Free 5.0+ Running Shoe,99.98999786,9,Cardio Equipment
476,http://images.acmesports.sports/Nike+Men%27s+Free+5.0%2B+Running+Shoe,Nike Men's Free 5.0+ Running Shoe,99.98999786,9,Cardio Equipment
477,http://images.acmesports.sports/Perfect+Fitness+Perfect+Rip+Deck,Perfect Fitness Perfect Rip Deck,59.99000168,17,Cleats
478,http://images.acmesports.sports/Nike+Men%27s+Dri-FIT+Victory+Golf+Polo,Nike Men's Dri-FIT Victory Golf Polo,50.0,24,Women's Apparel
479,http://images.acmesports.sports/Nike+Men%27s+Dri-FIT+Victory+Golf+Polo,Nike Men's Dri-FIT Victory Golf Polo,50.0,24,Women's Apparel
480,http://images.acmesports.sports/Nike+Men%27s+Free+5.0%2B+Running+Shoe,Nike Men's Free 5.0+ Running Shoe,99.98999786,9,Cardio Equipment
481,http://images.acmesports.sports/Bridgestone+e6+Straight+Distance+NFL+Carolina+Panthers+Golf...,Bridgestone e6 Straight Distance NFL Carolina,31.98999977,37,Electronics
482,http://images.acmesports.sports/Nike+Men%27s+Free+5.0%2B+Running+Shoe,Nike Men's Free 5.0+ Running Shoe,99.98999786,9,Cardio Equipment
483,http://images.acmesports.sports/Under+Armour+Women%27s+Ignite+Slide,Under Armour Women's Ignite Slide,31.98999977,13,Electronics
484,http://images.acmesports.sports/Nike+Men%27s+Free+5.0%2B+Running+Shoe,Nike Men's Free 5.0+ Running Shoe,99.98999786,9,Cardio Equipment
485,http://images.acmesports.sports/Perfect+Fitness+Perfect+Rip+Deck,Perfect Fitness Perfect Rip Deck,59.99000168,17,Cleats
486,http://images.acmesports.sports/Perfect+Fitness+Perfect+Rip+Deck,Perfect Fitness Perfect Rip Deck,59.99000168,17,Cleats
487,http://images.acmesports.sports/Perfect+Fitness+Perfect+Rip+Deck,Perfect Fitness Perfect Rip Deck,59.99000168,17,Cleats
488,http://images.acmesports.sports/Nike+Men%27s+Dri-FIT+Victory+Golf+Polo,Nike Men's Dri-FIT Victory Golf Polo,50.0,24,Women's Apparel
489,http://images.acmesports.sports/Under+Armour+Girls%27+Toddler+Spine+Surge+Running+Shoe,Under Armour Girls' Toddler Spine Surge Runni,39.99000168,29,Shop By Sport
490,http://images.acmesports.sports/Nike+Men%27s+Dri-FIT+Victory+Golf+Polo,Nike Men's Dri-FIT Victory Golf Polo,50.0,24,Women's Apparel
491,http://images.acmesports.sports/Nike+Men%27s+Dri-FIT+Victory+Golf+Polo,Nike Men's Dri-FIT Victory Golf Polo,50.0,24,Women's Apparel
492,http://images.acmesports.sports/Nike+Men%27s+Dri-FIT+Victory+Golf+Polo,Nike Men's Dri-FIT Victory Golf Polo,50.0,24,Women's Apparel
493,http://images.acmesports.sports/Under+Armour+Girls%27+Toddler+Spine+Surge+Running+Shoe,Under Armour Girls' Toddler Spine Surge Runni,39.99000168,29,Shop By Sport
494,http://images.acmesports.sports/Nike+Men%27s+Dri-FIT+Victory+Golf+Polo,Nike Men's Dri-FIT Victory Golf Polo,50.0,24,Women's Apparel
495,http://images.acmesports.sports/Under+Armour+Girls%27+Toddler+Spine+Surge+Running+Shoe,Under Armour Girls' Toddler Spine Surge Runni,39.99000168,29,Shop By Sport
496,http://images.acmesports.sports/Team+Golf+Pittsburgh+Steelers+Putter+Grip,Team Golf Pittsburgh Steelers Putter Grip,24.98999977,40,Accessories
497,http://images.acmesports.sports/Nike+Men%27s+Free+5.0%2B+Running+Shoe,Nike Men's Free 5.0+ Running Shoe,99.98999786,9,Cardio Equipment
498,http://images.acmesports.sports/Nike+Men%27s+Free+5.0%2B+Running+Shoe,Nike Men's Free 5.0+ Running Shoe,99.98999786,9,Cardio Equipment
499,http://images.acmesports.sports/Nike+Men%27s+Free+5.0%2B+Running+Shoe,Nike Men's Free 5.0+ Running Shoe,99.98999786,9,Cardio Equipment
500,http://images.acmesports.sports/Perfect+Fitness+Perfect+Rip+Deck,Perfect Fitness Perfect Rip Deck,59.99000168,17,Cleats
